ID;Name;Vorname;Strasse;Ort_Name;Ort_Plz;Telefon;Handy;Email;
3902;yo;hey;;;;;;;
3903;;;;;;;;;
3952;yo;hey;;;;;;;
3953;;;;;;;;;
4002;yo;hey;;;;;;;
4003;;;;;;;;;
4052;yo;hey;;;;;;;
4053;;;;;;;;;
4102;yo;hey;;;;;;;
4103;;;;;;;;;
4152;yo;hey;;;;;;;
4153;;;;;;;;;
4202;yo;hey;;;;;;;
4203;;;;;;;;;
4251;yo;hey;;;;;;;
4252;yo;hey;;;;;;;
4253;yo;hey;;;;;;;
4254;yo;hey;;;;;;;
4255;yo;hey;;;;;;;
4256;yo;hey;;;;;;;
4257;yo;hey;;;;;;;
4258;yo;hey;;;;;;;
4259;yo;hey;;;;;;;
4260;yo;hey;;;;;;;
4261;yo;hey;;;;;;;
4262;yo;hey;;;;;;;
4263;yo;hey;;;;;;;
4264;yo;hey;;;;;;;
4265;yo;hey;;;;;;;
4266;yo;hey;;;;;;;
4267;yo;hey;;;;;;;
4268;yo;hey;;;;;;;
4269;yo;hey;;;;;;;
4270;yo;hey;;;;;;;
4271;yo;hey;;;;;;;
4272;yo;hey;;;;;;;
4273;yo;hey;;;;;;;
4274;yo;hey;;;;;;;
4275;yo;hey;;;;;;;
4276;yo;hey;;;;;;;
4277;yo;hey;;;;;;;
4278;yo;hey;;;;;;;
4279;yo;hey;;;;;;;
4280;yo;hey;;;;;;;
4281;yo;hey;;;;;;;
4282;yo;hey;;;;;;;
4283;yo;hey;;;;;;;
4284;yo;hey;;;;;;;
4285;yo;hey;;;;;;;
4286;yo;hey;;;;;;;
4287;yo;hey;;;;;;;
4288;yo;hey;;;;;;;
4289;yo;hey;;;;;;;
4290;yo;hey;;;;;;;
4291;yo;hey;;;;;;;
4292;yo;hey;;;;;;;
4293;yo;hey;;;;;;;
4294;yo;hey;;;;;;;
4295;yo;hey;;;;;;;
4296;yo;hey;;;;;;;
4297;yo;hey;;;;;;;
4298;yo;hey;;;;;;;
4299;yo;hey;;;;;;;
4300;yo;hey;;;;;;;
4301;yo;hey;;;;;;;
4302;yo;hey;;;;;;;
4303;yo;hey;;;;;;;
4304;yo;hey;;;;;;;
4305;yo;hey;;;;;;;
4306;yo;hey;;;;;;;
4307;yo;hey;;;;;;;
4308;yo;hey;;;;;;;
4309;yo;hey;;;;;;;
4310;yo;hey;;;;;;;
4311;yo;hey;;;;;;;
4312;yo;hey;;;;;;;
4313;yo;hey;;;;;;;
4314;yo;hey;;;;;;;
4315;yo;hey;;;;;;;
4316;yo;hey;;;;;;;
4317;yo;hey;;;;;;;
4318;yo;hey;;;;;;;
4319;yo;hey;;;;;;;
4320;yo;hey;;;;;;;
4321;yo;hey;;;;;;;
4322;yo;hey;;;;;;;
4323;yo;hey;;;;;;;
4324;yo;hey;;;;;;;
4325;yo;hey;;;;;;;
4326;yo;hey;;;;;;;
4327;yo;hey;;;;;;;
4328;yo;hey;;;;;;;
4329;yo;hey;;;;;;;
4330;yo;hey;;;;;;;
4331;yo;hey;;;;;;;
4332;yo;hey;;;;;;;
4333;yo;hey;;;;;;;
4334;yo;hey;;;;;;;
4335;yo;hey;;;;;;;
4336;yo;hey;;;;;;;
7437;yo;hey;;;;;;;
7438;yo;hey;;;;;;;
7439;yo;hey;;;;;;;
7440;yo;hey;;;;;;;
7441;yo;hey;;;;;;;
7442;yo;hey;;;;;;;
7443;yo;hey;;;;;;;
7444;yo;hey;;;;;;;
7445;yo;hey;;;;;;;
7446;yo;hey;;;;;;;
7447;yo;hey;;;;;;;
7448;yo;hey;;;;;;;
7449;yo;hey;;;;;;;
7450;yo;hey;;;;;;;
7451;yo;hey;;;;;;;
7452;yo;hey;;;;;;;
7453;yo;hey;;;;;;;
7454;yo;hey;;;;;;;
7455;yo;hey;;;;;;;
7456;yo;hey;;;;;;;
7457;yo;hey;;;;;;;
7458;yo;hey;;;;;;;
7459;yo;hey;;;;;;;
7460;yo;hey;;;;;;;
7461;yo;hey;;;;;;;
7462;yo;hey;;;;;;;
7463;yo;hey;;;;;;;
7464;yo;hey;;;;;;;
7465;yo;hey;;;;;;;
7466;yo;hey;;;;;;;
7467;yo;hey;;;;;;;
7468;yo;hey;;;;;;;
7469;yo;hey;;;;;;;
7470;yo;hey;;;;;;;
7471;yo;hey;;;;;;;
7472;yo;hey;;;;;;;
7473;yo;hey;;;;;;;
7474;yo;hey;;;;;;;
7475;yo;hey;;;;;;;
7476;yo;hey;;;;;;;
7477;yo;hey;;;;;;;
7478;yo;hey;;;;;;;
7479;yo;hey;;;;;;;
7480;yo;hey;;;;;;;
7481;yo;hey;;;;;;;
7482;yo;hey;;;;;;;
7483;yo;hey;;;;;;;
7484;yo;hey;;;;;;;
7485;yo;hey;;;;;;;
7486;yo;hey;;;;;;;
7487;yo;hey;;;;;;;
7488;yo;hey;;;;;;;
7489;yo;hey;;;;;;;
7490;yo;hey;;;;;;;
7491;yo;hey;;;;;;;
7492;yo;hey;;;;;;;
7493;yo;hey;;;;;;;
7494;yo;hey;;;;;;;
7495;yo;hey;;;;;;;
7496;yo;hey;;;;;;;
7497;yo;hey;;;;;;;
7498;yo;hey;;;;;;;
7499;yo;hey;;;;;;;
7500;yo;hey;;;;;;;
7501;yo;hey;;;;;;;
7502;yo;hey;;;;;;;
7503;yo;hey;;;;;;;
7504;yo;hey;;;;;;;
7505;yo;hey;;;;;;;
7506;yo;hey;;;;;;;
7507;yo;hey;;;;;;;
7508;yo;hey;;;;;;;
7509;yo;hey;;;;;;;
7510;yo;hey;;;;;;;
7511;yo;hey;;;;;;;
7512;yo;hey;;;;;;;
7513;yo;hey;;;;;;;
7514;yo;hey;;;;;;;
7515;yo;hey;;;;;;;
7516;yo;hey;;;;;;;
7517;yo;hey;;;;;;;
7518;yo;hey;;;;;;;
7519;yo;hey;;;;;;;
7520;yo;hey;;;;;;;
7521;yo;hey;;;;;;;
7522;yo;hey;;;;;;;
7523;yo;hey;;;;;;;
7524;yo;hey;;;;;;;
7525;yo;hey;;;;;;;
7526;yo;hey;;;;;;;
7527;yo;hey;;;;;;;
7528;yo;hey;;;;;;;
7529;yo;hey;;;;;;;
7530;yo;hey;;;;;;;
7531;yo;hey;;;;;;;
7532;yo;hey;;;;;;;
7533;yo;hey;;;;;;;
7534;yo;hey;;;;;;;
7535;yo;hey;;;;;;;
7536;yo;hey;;;;;;;
5137;yo;hey;;;;;;;
5138;yo;hey;;;;;;;
5139;yo;hey;;;;;;;
5140;yo;hey;;;;;;;
5141;yo;hey;;;;;;;
5142;yo;hey;;;;;;;
5143;yo;hey;;;;;;;
5144;yo;hey;;;;;;;
5145;yo;hey;;;;;;;
5146;yo;hey;;;;;;;
5147;yo;hey;;;;;;;
5148;yo;hey;;;;;;;
5149;yo;hey;;;;;;;
5150;yo;hey;;;;;;;
5151;yo;hey;;;;;;;
5152;yo;hey;;;;;;;
5153;yo;hey;;;;;;;
5154;yo;hey;;;;;;;
5155;yo;hey;;;;;;;
5156;yo;hey;;;;;;;
5157;yo;hey;;;;;;;
5158;yo;hey;;;;;;;
5159;yo;hey;;;;;;;
5160;yo;hey;;;;;;;
5161;yo;hey;;;;;;;
5162;yo;hey;;;;;;;
5163;yo;hey;;;;;;;
5164;yo;hey;;;;;;;
5165;yo;hey;;;;;;;
5166;yo;hey;;;;;;;
5167;yo;hey;;;;;;;
5168;yo;hey;;;;;;;
5169;yo;hey;;;;;;;
5170;yo;hey;;;;;;;
5171;yo;hey;;;;;;;
5172;yo;hey;;;;;;;
5173;yo;hey;;;;;;;
5174;yo;hey;;;;;;;
5175;yo;hey;;;;;;;
5176;yo;hey;;;;;;;
5177;yo;hey;;;;;;;
5178;yo;hey;;;;;;;
5179;yo;hey;;;;;;;
5180;yo;hey;;;;;;;
5181;yo;hey;;;;;;;
5182;yo;hey;;;;;;;
5183;yo;hey;;;;;;;
5184;yo;hey;;;;;;;
5185;yo;hey;;;;;;;
5186;yo;hey;;;;;;;
5187;yo;hey;;;;;;;
5188;yo;hey;;;;;;;
5189;yo;hey;;;;;;;
5190;yo;hey;;;;;;;
5191;yo;hey;;;;;;;
5192;yo;hey;;;;;;;
5193;yo;hey;;;;;;;
5194;yo;hey;;;;;;;
5195;yo;hey;;;;;;;
5196;yo;hey;;;;;;;
5197;yo;hey;;;;;;;
5198;yo;hey;;;;;;;
5199;yo;hey;;;;;;;
5200;yo;hey;;;;;;;
5201;yo;hey;;;;;;;
5202;yo;hey;;;;;;;
5203;yo;hey;;;;;;;
5204;yo;hey;;;;;;;
5205;yo;hey;;;;;;;
5206;yo;hey;;;;;;;
5207;yo;hey;;;;;;;
5208;yo;hey;;;;;;;
5209;yo;hey;;;;;;;
5210;yo;hey;;;;;;;
5211;yo;hey;;;;;;;
5212;yo;hey;;;;;;;
5213;yo;hey;;;;;;;
5214;yo;hey;;;;;;;
5215;yo;hey;;;;;;;
5216;yo;hey;;;;;;;
5217;yo;hey;;;;;;;
5218;yo;hey;;;;;;;
5219;yo;hey;;;;;;;
5220;yo;hey;;;;;;;
5221;yo;hey;;;;;;;
5222;yo;hey;;;;;;;
5223;yo;hey;;;;;;;
5224;yo;hey;;;;;;;
5225;yo;hey;;;;;;;
5226;yo;hey;;;;;;;
5227;yo;hey;;;;;;;
5228;yo;hey;;;;;;;
5229;yo;hey;;;;;;;
5230;yo;hey;;;;;;;
5231;yo;hey;;;;;;;
5232;yo;hey;;;;;;;
5233;yo;hey;;;;;;;
5234;yo;hey;;;;;;;
5235;yo;hey;;;;;;;
5236;yo;hey;;;;;;;
8337;yo;hey;;;;;;;
8338;yo;hey;;;;;;;
8339;yo;hey;;;;;;;
8340;yo;hey;;;;;;;
8341;yo;hey;;;;;;;
8342;yo;hey;;;;;;;
8343;yo;hey;;;;;;;
8344;yo;hey;;;;;;;
8345;yo;hey;;;;;;;
8346;yo;hey;;;;;;;
8347;yo;hey;;;;;;;
8348;yo;hey;;;;;;;
8349;yo;hey;;;;;;;
8350;yo;hey;;;;;;;
8351;yo;hey;;;;;;;
8352;yo;hey;;;;;;;
8353;yo;hey;;;;;;;
8354;yo;hey;;;;;;;
8355;yo;hey;;;;;;;
8356;yo;hey;;;;;;;
8357;yo;hey;;;;;;;
8358;yo;hey;;;;;;;
8359;yo;hey;;;;;;;
8360;yo;hey;;;;;;;
8361;yo;hey;;;;;;;
8362;yo;hey;;;;;;;
8363;yo;hey;;;;;;;
8364;yo;hey;;;;;;;
8365;yo;hey;;;;;;;
8366;yo;hey;;;;;;;
8367;yo;hey;;;;;;;
8368;yo;hey;;;;;;;
8369;yo;hey;;;;;;;
8370;yo;hey;;;;;;;
8371;yo;hey;;;;;;;
8372;yo;hey;;;;;;;
8373;yo;hey;;;;;;;
8374;yo;hey;;;;;;;
8375;yo;hey;;;;;;;
8376;yo;hey;;;;;;;
8377;yo;hey;;;;;;;
8378;yo;hey;;;;;;;
8379;yo;hey;;;;;;;
8380;yo;hey;;;;;;;
8381;yo;hey;;;;;;;
8382;yo;hey;;;;;;;
8383;yo;hey;;;;;;;
8384;yo;hey;;;;;;;
8385;yo;hey;;;;;;;
8386;yo;hey;;;;;;;
8387;yo;hey;;;;;;;
8388;yo;hey;;;;;;;
8389;yo;hey;;;;;;;
8390;yo;hey;;;;;;;
8391;yo;hey;;;;;;;
8392;yo;hey;;;;;;;
8393;yo;hey;;;;;;;
8394;yo;hey;;;;;;;
8395;yo;hey;;;;;;;
8396;yo;hey;;;;;;;
8397;yo;hey;;;;;;;
8398;yo;hey;;;;;;;
8399;yo;hey;;;;;;;
8400;yo;hey;;;;;;;
8401;yo;hey;;;;;;;
8402;yo;hey;;;;;;;
8403;yo;hey;;;;;;;
8404;yo;hey;;;;;;;
8405;yo;hey;;;;;;;
8406;yo;hey;;;;;;;
8407;yo;hey;;;;;;;
8408;yo;hey;;;;;;;
8409;yo;hey;;;;;;;
8410;yo;hey;;;;;;;
8411;yo;hey;;;;;;;
8412;yo;hey;;;;;;;
8413;yo;hey;;;;;;;
8414;yo;hey;;;;;;;
8415;yo;hey;;;;;;;
8416;yo;hey;;;;;;;
8417;yo;hey;;;;;;;
8418;yo;hey;;;;;;;
8419;yo;hey;;;;;;;
8420;yo;hey;;;;;;;
8421;yo;hey;;;;;;;
8422;yo;hey;;;;;;;
8423;yo;hey;;;;;;;
8424;yo;hey;;;;;;;
8425;yo;hey;;;;;;;
8426;yo;hey;;;;;;;
8427;yo;hey;;;;;;;
8428;yo;hey;;;;;;;
8429;yo;hey;;;;;;;
8430;yo;hey;;;;;;;
8431;yo;hey;;;;;;;
8432;yo;hey;;;;;;;
8433;yo;hey;;;;;;;
8434;yo;hey;;;;;;;
8435;yo;hey;;;;;;;
8436;yo;hey;;;;;;;
6037;yo;hey;;;;;;;
6038;yo;hey;;;;;;;
6039;yo;hey;;;;;;;
6040;yo;hey;;;;;;;
6041;yo;hey;;;;;;;
6042;yo;hey;;;;;;;
6043;yo;hey;;;;;;;
6044;yo;hey;;;;;;;
6045;yo;hey;;;;;;;
6046;yo;hey;;;;;;;
6047;yo;hey;;;;;;;
6048;yo;hey;;;;;;;
6049;yo;hey;;;;;;;
6050;yo;hey;;;;;;;
6051;yo;hey;;;;;;;
6052;yo;hey;;;;;;;
6053;yo;hey;;;;;;;
6054;yo;hey;;;;;;;
6055;yo;hey;;;;;;;
6056;yo;hey;;;;;;;
6057;yo;hey;;;;;;;
6058;yo;hey;;;;;;;
6059;yo;hey;;;;;;;
6060;yo;hey;;;;;;;
6061;yo;hey;;;;;;;
6062;yo;hey;;;;;;;
6063;yo;hey;;;;;;;
6064;yo;hey;;;;;;;
6065;yo;hey;;;;;;;
6066;yo;hey;;;;;;;
6067;yo;hey;;;;;;;
6068;yo;hey;;;;;;;
6069;yo;hey;;;;;;;
6070;yo;hey;;;;;;;
6071;yo;hey;;;;;;;
6072;yo;hey;;;;;;;
6073;yo;hey;;;;;;;
6074;yo;hey;;;;;;;
6075;yo;hey;;;;;;;
6076;yo;hey;;;;;;;
6077;yo;hey;;;;;;;
6078;yo;hey;;;;;;;
6079;yo;hey;;;;;;;
6080;yo;hey;;;;;;;
6081;yo;hey;;;;;;;
6082;yo;hey;;;;;;;
6083;yo;hey;;;;;;;
6084;yo;hey;;;;;;;
6085;yo;hey;;;;;;;
6086;yo;hey;;;;;;;
6087;yo;hey;;;;;;;
6088;yo;hey;;;;;;;
6089;yo;hey;;;;;;;
6090;yo;hey;;;;;;;
6091;yo;hey;;;;;;;
6092;yo;hey;;;;;;;
6093;yo;hey;;;;;;;
6094;yo;hey;;;;;;;
6095;yo;hey;;;;;;;
6096;yo;hey;;;;;;;
6097;yo;hey;;;;;;;
6098;yo;hey;;;;;;;
6099;yo;hey;;;;;;;
6100;yo;hey;;;;;;;
6101;yo;hey;;;;;;;
6102;yo;hey;;;;;;;
6103;yo;hey;;;;;;;
6104;yo;hey;;;;;;;
6105;yo;hey;;;;;;;
6106;yo;hey;;;;;;;
6107;yo;hey;;;;;;;
6108;yo;hey;;;;;;;
6109;yo;hey;;;;;;;
6110;yo;hey;;;;;;;
6111;yo;hey;;;;;;;
6112;yo;hey;;;;;;;
6113;yo;hey;;;;;;;
6114;yo;hey;;;;;;;
6115;yo;hey;;;;;;;
6116;yo;hey;;;;;;;
6117;yo;hey;;;;;;;
6118;yo;hey;;;;;;;
6119;yo;hey;;;;;;;
6120;yo;hey;;;;;;;
6121;yo;hey;;;;;;;
6122;yo;hey;;;;;;;
6123;yo;hey;;;;;;;
6124;yo;hey;;;;;;;
6125;yo;hey;;;;;;;
6126;yo;hey;;;;;;;
6127;yo;hey;;;;;;;
6128;yo;hey;;;;;;;
6129;yo;hey;;;;;;;
6130;yo;hey;;;;;;;
6131;yo;hey;;;;;;;
6132;yo;hey;;;;;;;
6133;yo;hey;;;;;;;
6134;yo;hey;;;;;;;
6135;yo;hey;;;;;;;
6136;yo;hey;;;;;;;
9237;yo;hey;;;;;;;
9238;yo;hey;;;;;;;
9239;yo;hey;;;;;;;
9240;yo;hey;;;;;;;
9241;yo;hey;;;;;;;
9242;yo;hey;;;;;;;
9243;yo;hey;;;;;;;
9244;yo;hey;;;;;;;
9245;yo;hey;;;;;;;
9246;yo;hey;;;;;;;
9247;yo;hey;;;;;;;
9248;yo;hey;;;;;;;
9249;yo;hey;;;;;;;
9250;yo;hey;;;;;;;
6937;yo;hey;;;;;;;
6938;yo;hey;;;;;;;
6939;yo;hey;;;;;;;
6940;yo;hey;;;;;;;
6941;yo;hey;;;;;;;
6942;yo;hey;;;;;;;
6943;yo;hey;;;;;;;
6944;yo;hey;;;;;;;
6945;yo;hey;;;;;;;
6946;yo;hey;;;;;;;
6947;yo;hey;;;;;;;
6948;yo;hey;;;;;;;
6949;yo;hey;;;;;;;
6950;yo;hey;;;;;;;
6951;yo;hey;;;;;;;
6952;yo;hey;;;;;;;
6953;yo;hey;;;;;;;
6954;yo;hey;;;;;;;
6955;yo;hey;;;;;;;
6956;yo;hey;;;;;;;
6957;yo;hey;;;;;;;
6958;yo;hey;;;;;;;
6959;yo;hey;;;;;;;
6960;yo;hey;;;;;;;
6961;yo;hey;;;;;;;
6962;yo;hey;;;;;;;
6963;yo;hey;;;;;;;
6964;yo;hey;;;;;;;
6965;yo;hey;;;;;;;
6966;yo;hey;;;;;;;
6967;yo;hey;;;;;;;
6968;yo;hey;;;;;;;
6969;yo;hey;;;;;;;
6970;yo;hey;;;;;;;
6971;yo;hey;;;;;;;
6972;yo;hey;;;;;;;
6973;yo;hey;;;;;;;
6974;yo;hey;;;;;;;
6975;yo;hey;;;;;;;
6976;yo;hey;;;;;;;
6977;yo;hey;;;;;;;
6978;yo;hey;;;;;;;
6979;yo;hey;;;;;;;
6980;yo;hey;;;;;;;
6981;yo;hey;;;;;;;
6982;yo;hey;;;;;;;
6983;yo;hey;;;;;;;
6984;yo;hey;;;;;;;
6985;yo;hey;;;;;;;
6986;yo;hey;;;;;;;
6987;yo;hey;;;;;;;
6988;yo;hey;;;;;;;
6989;yo;hey;;;;;;;
6990;yo;hey;;;;;;;
6991;yo;hey;;;;;;;
6992;yo;hey;;;;;;;
6993;yo;hey;;;;;;;
6994;yo;hey;;;;;;;
6995;yo;hey;;;;;;;
6996;yo;hey;;;;;;;
6997;yo;hey;;;;;;;
6998;yo;hey;;;;;;;
6999;yo;hey;;;;;;;
7000;yo;hey;;;;;;;
7001;yo;hey;;;;;;;
7002;yo;hey;;;;;;;
7003;yo;hey;;;;;;;
7004;yo;hey;;;;;;;
7005;yo;hey;;;;;;;
7006;yo;hey;;;;;;;
7007;yo;hey;;;;;;;
7008;yo;hey;;;;;;;
7009;yo;hey;;;;;;;
7010;yo;hey;;;;;;;
7011;yo;hey;;;;;;;
7012;yo;hey;;;;;;;
7013;yo;hey;;;;;;;
7014;yo;hey;;;;;;;
7015;yo;hey;;;;;;;
7016;yo;hey;;;;;;;
7017;yo;hey;;;;;;;
7018;yo;hey;;;;;;;
7019;yo;hey;;;;;;;
7020;yo;hey;;;;;;;
7021;yo;hey;;;;;;;
7022;yo;hey;;;;;;;
7023;yo;hey;;;;;;;
7024;yo;hey;;;;;;;
7025;yo;hey;;;;;;;
7026;yo;hey;;;;;;;
7027;yo;hey;;;;;;;
7028;yo;hey;;;;;;;
7029;yo;hey;;;;;;;
7030;yo;hey;;;;;;;
7031;yo;hey;;;;;;;
7032;yo;hey;;;;;;;
7033;yo;hey;;;;;;;
7034;yo;hey;;;;;;;
7035;yo;hey;;;;;;;
7036;yo;hey;;;;;;;
4637;yo;hey;;;;;;;
4638;yo;hey;;;;;;;
4639;yo;hey;;;;;;;
4640;yo;hey;;;;;;;
4641;yo;hey;;;;;;;
4642;yo;hey;;;;;;;
4643;yo;hey;;;;;;;
4644;yo;hey;;;;;;;
4645;yo;hey;;;;;;;
4646;yo;hey;;;;;;;
4647;yo;hey;;;;;;;
4648;yo;hey;;;;;;;
4649;yo;hey;;;;;;;
4650;yo;hey;;;;;;;
4651;yo;hey;;;;;;;
4652;yo;hey;;;;;;;
4653;yo;hey;;;;;;;
4654;yo;hey;;;;;;;
4655;yo;hey;;;;;;;
4656;yo;hey;;;;;;;
4657;yo;hey;;;;;;;
4658;yo;hey;;;;;;;
4659;yo;hey;;;;;;;
4660;yo;hey;;;;;;;
4661;yo;hey;;;;;;;
4662;yo;hey;;;;;;;
4663;yo;hey;;;;;;;
4664;yo;hey;;;;;;;
4665;yo;hey;;;;;;;
4666;yo;hey;;;;;;;
4667;yo;hey;;;;;;;
4668;yo;hey;;;;;;;
4669;yo;hey;;;;;;;
4670;yo;hey;;;;;;;
4671;yo;hey;;;;;;;
4672;yo;hey;;;;;;;
4673;yo;hey;;;;;;;
4674;yo;hey;;;;;;;
4675;yo;hey;;;;;;;
4676;yo;hey;;;;;;;
4677;yo;hey;;;;;;;
4678;yo;hey;;;;;;;
4679;yo;hey;;;;;;;
4680;yo;hey;;;;;;;
4681;yo;hey;;;;;;;
4682;yo;hey;;;;;;;
4683;yo;hey;;;;;;;
4684;yo;hey;;;;;;;
4685;yo;hey;;;;;;;
4686;yo;hey;;;;;;;
4687;yo;hey;;;;;;;
4688;yo;hey;;;;;;;
4689;yo;hey;;;;;;;
4690;yo;hey;;;;;;;
4691;yo;hey;;;;;;;
4692;yo;hey;;;;;;;
4693;yo;hey;;;;;;;
4694;yo;hey;;;;;;;
4695;yo;hey;;;;;;;
4696;yo;hey;;;;;;;
4697;yo;hey;;;;;;;
4698;yo;hey;;;;;;;
4699;yo;hey;;;;;;;
4700;yo;hey;;;;;;;
4701;yo;hey;;;;;;;
4702;yo;hey;;;;;;;
4703;yo;hey;;;;;;;
4704;yo;hey;;;;;;;
4705;yo;hey;;;;;;;
4706;yo;hey;;;;;;;
4707;yo;hey;;;;;;;
4708;yo;hey;;;;;;;
4709;yo;hey;;;;;;;
4710;yo;hey;;;;;;;
4711;yo;hey;;;;;;;
4712;yo;hey;;;;;;;
4713;yo;hey;;;;;;;
4714;yo;hey;;;;;;;
4715;yo;hey;;;;;;;
4716;yo;hey;;;;;;;
4717;yo;hey;;;;;;;
4718;yo;hey;;;;;;;
4719;yo;hey;;;;;;;
4720;yo;hey;;;;;;;
4721;yo;hey;;;;;;;
4722;yo;hey;;;;;;;
4723;yo;hey;;;;;;;
4724;yo;hey;;;;;;;
4725;yo;hey;;;;;;;
4726;yo;hey;;;;;;;
4727;yo;hey;;;;;;;
4728;yo;hey;;;;;;;
4729;yo;hey;;;;;;;
4730;yo;hey;;;;;;;
4731;yo;hey;;;;;;;
4732;yo;hey;;;;;;;
4733;yo;hey;;;;;;;
4734;yo;hey;;;;;;;
4735;yo;hey;;;;;;;
4736;yo;hey;;;;;;;
7837;yo;hey;;;;;;;
7838;yo;hey;;;;;;;
7839;yo;hey;;;;;;;
7840;yo;hey;;;;;;;
7841;yo;hey;;;;;;;
7842;yo;hey;;;;;;;
7843;yo;hey;;;;;;;
7844;yo;hey;;;;;;;
7845;yo;hey;;;;;;;
7846;yo;hey;;;;;;;
7847;yo;hey;;;;;;;
7848;yo;hey;;;;;;;
7849;yo;hey;;;;;;;
7850;yo;hey;;;;;;;
7851;yo;hey;;;;;;;
7852;yo;hey;;;;;;;
7853;yo;hey;;;;;;;
7854;yo;hey;;;;;;;
7855;yo;hey;;;;;;;
7856;yo;hey;;;;;;;
7857;yo;hey;;;;;;;
7858;yo;hey;;;;;;;
7859;yo;hey;;;;;;;
7860;yo;hey;;;;;;;
7861;yo;hey;;;;;;;
7862;yo;hey;;;;;;;
7863;yo;hey;;;;;;;
7864;yo;hey;;;;;;;
7865;yo;hey;;;;;;;
7866;yo;hey;;;;;;;
7867;yo;hey;;;;;;;
7868;yo;hey;;;;;;;
7869;yo;hey;;;;;;;
7870;yo;hey;;;;;;;
7871;yo;hey;;;;;;;
7872;yo;hey;;;;;;;
7873;yo;hey;;;;;;;
7874;yo;hey;;;;;;;
7875;yo;hey;;;;;;;
7876;yo;hey;;;;;;;
7877;yo;hey;;;;;;;
7878;yo;hey;;;;;;;
7879;yo;hey;;;;;;;
7880;yo;hey;;;;;;;
7881;yo;hey;;;;;;;
7882;yo;hey;;;;;;;
7883;yo;hey;;;;;;;
7884;yo;hey;;;;;;;
7885;yo;hey;;;;;;;
7886;yo;hey;;;;;;;
7887;yo;hey;;;;;;;
7888;yo;hey;;;;;;;
7889;yo;hey;;;;;;;
7890;yo;hey;;;;;;;
7891;yo;hey;;;;;;;
7892;yo;hey;;;;;;;
7893;yo;hey;;;;;;;
7894;yo;hey;;;;;;;
7895;yo;hey;;;;;;;
7896;yo;hey;;;;;;;
7897;yo;hey;;;;;;;
7898;yo;hey;;;;;;;
7899;yo;hey;;;;;;;
7900;yo;hey;;;;;;;
7901;yo;hey;;;;;;;
7902;yo;hey;;;;;;;
7903;yo;hey;;;;;;;
7904;yo;hey;;;;;;;
7905;yo;hey;;;;;;;
7906;yo;hey;;;;;;;
7907;yo;hey;;;;;;;
7908;yo;hey;;;;;;;
7909;yo;hey;;;;;;;
7910;yo;hey;;;;;;;
7911;yo;hey;;;;;;;
7912;yo;hey;;;;;;;
7913;yo;hey;;;;;;;
7914;yo;hey;;;;;;;
7915;yo;hey;;;;;;;
7916;yo;hey;;;;;;;
7917;yo;hey;;;;;;;
7918;yo;hey;;;;;;;
7919;yo;hey;;;;;;;
7920;yo;hey;;;;;;;
7921;yo;hey;;;;;;;
7922;yo;hey;;;;;;;
7923;yo;hey;;;;;;;
7924;yo;hey;;;;;;;
7925;yo;hey;;;;;;;
7926;yo;hey;;;;;;;
7927;yo;hey;;;;;;;
7928;yo;hey;;;;;;;
7929;yo;hey;;;;;;;
7930;yo;hey;;;;;;;
7931;yo;hey;;;;;;;
7932;yo;hey;;;;;;;
7933;yo;hey;;;;;;;
7934;yo;hey;;;;;;;
7935;yo;hey;;;;;;;
7936;yo;hey;;;;;;;
5537;yo;hey;;;;;;;
5538;yo;hey;;;;;;;
5539;yo;hey;;;;;;;
5540;yo;hey;;;;;;;
5541;yo;hey;;;;;;;
5542;yo;hey;;;;;;;
5543;yo;hey;;;;;;;
5544;yo;hey;;;;;;;
5545;yo;hey;;;;;;;
5546;yo;hey;;;;;;;
5547;yo;hey;;;;;;;
5548;yo;hey;;;;;;;
5549;yo;hey;;;;;;;
5550;yo;hey;;;;;;;
5551;yo;hey;;;;;;;
5552;yo;hey;;;;;;;
5553;yo;hey;;;;;;;
5554;yo;hey;;;;;;;
5555;yo;hey;;;;;;;
5556;yo;hey;;;;;;;
5557;yo;hey;;;;;;;
5558;yo;hey;;;;;;;
5559;yo;hey;;;;;;;
5560;yo;hey;;;;;;;
5561;yo;hey;;;;;;;
5562;yo;hey;;;;;;;
5563;yo;hey;;;;;;;
5564;yo;hey;;;;;;;
5565;yo;hey;;;;;;;
5566;yo;hey;;;;;;;
5567;yo;hey;;;;;;;
5568;yo;hey;;;;;;;
5569;yo;hey;;;;;;;
5570;yo;hey;;;;;;;
5571;yo;hey;;;;;;;
5572;yo;hey;;;;;;;
5573;yo;hey;;;;;;;
5574;yo;hey;;;;;;;
5575;yo;hey;;;;;;;
5576;yo;hey;;;;;;;
5577;yo;hey;;;;;;;
5578;yo;hey;;;;;;;
5579;yo;hey;;;;;;;
5580;yo;hey;;;;;;;
5581;yo;hey;;;;;;;
5582;yo;hey;;;;;;;
5583;yo;hey;;;;;;;
5584;yo;hey;;;;;;;
5585;yo;hey;;;;;;;
5586;yo;hey;;;;;;;
5587;yo;hey;;;;;;;
5588;yo;hey;;;;;;;
5589;yo;hey;;;;;;;
5590;yo;hey;;;;;;;
5591;yo;hey;;;;;;;
5592;yo;hey;;;;;;;
5593;yo;hey;;;;;;;
5594;yo;hey;;;;;;;
5595;yo;hey;;;;;;;
5596;yo;hey;;;;;;;
5597;yo;hey;;;;;;;
5598;yo;hey;;;;;;;
5599;yo;hey;;;;;;;
5600;yo;hey;;;;;;;
5601;yo;hey;;;;;;;
5602;yo;hey;;;;;;;
5603;yo;hey;;;;;;;
5604;yo;hey;;;;;;;
5605;yo;hey;;;;;;;
5606;yo;hey;;;;;;;
5607;yo;hey;;;;;;;
5608;yo;hey;;;;;;;
5609;yo;hey;;;;;;;
5610;yo;hey;;;;;;;
5611;yo;hey;;;;;;;
5612;yo;hey;;;;;;;
5613;yo;hey;;;;;;;
5614;yo;hey;;;;;;;
5615;yo;hey;;;;;;;
5616;yo;hey;;;;;;;
5617;yo;hey;;;;;;;
5618;yo;hey;;;;;;;
5619;yo;hey;;;;;;;
5620;yo;hey;;;;;;;
5621;yo;hey;;;;;;;
5622;yo;hey;;;;;;;
5623;yo;hey;;;;;;;
5624;yo;hey;;;;;;;
5625;yo;hey;;;;;;;
5626;yo;hey;;;;;;;
5627;yo;hey;;;;;;;
5628;yo;hey;;;;;;;
5629;yo;hey;;;;;;;
5630;yo;hey;;;;;;;
5631;yo;hey;;;;;;;
5632;yo;hey;;;;;;;
5633;yo;hey;;;;;;;
5634;yo;hey;;;;;;;
5635;yo;hey;;;;;;;
5636;yo;hey;;;;;;;
8737;yo;hey;;;;;;;
8738;yo;hey;;;;;;;
8739;yo;hey;;;;;;;
8740;yo;hey;;;;;;;
8741;yo;hey;;;;;;;
8742;yo;hey;;;;;;;
8743;yo;hey;;;;;;;
8744;yo;hey;;;;;;;
8745;yo;hey;;;;;;;
8746;yo;hey;;;;;;;
8747;yo;hey;;;;;;;
8748;yo;hey;;;;;;;
8749;yo;hey;;;;;;;
8750;yo;hey;;;;;;;
8751;yo;hey;;;;;;;
8752;yo;hey;;;;;;;
8753;yo;hey;;;;;;;
8754;yo;hey;;;;;;;
8755;yo;hey;;;;;;;
8756;yo;hey;;;;;;;
8757;yo;hey;;;;;;;
8758;yo;hey;;;;;;;
8759;yo;hey;;;;;;;
8760;yo;hey;;;;;;;
8761;yo;hey;;;;;;;
8762;yo;hey;;;;;;;
8763;yo;hey;;;;;;;
8764;yo;hey;;;;;;;
8765;yo;hey;;;;;;;
8766;yo;hey;;;;;;;
8767;yo;hey;;;;;;;
8768;yo;hey;;;;;;;
8769;yo;hey;;;;;;;
8770;yo;hey;;;;;;;
8771;yo;hey;;;;;;;
8772;yo;hey;;;;;;;
8773;yo;hey;;;;;;;
8774;yo;hey;;;;;;;
8775;yo;hey;;;;;;;
8776;yo;hey;;;;;;;
8777;yo;hey;;;;;;;
8778;yo;hey;;;;;;;
8779;yo;hey;;;;;;;
8780;yo;hey;;;;;;;
8781;yo;hey;;;;;;;
8782;yo;hey;;;;;;;
8783;yo;hey;;;;;;;
8784;yo;hey;;;;;;;
8785;yo;hey;;;;;;;
8786;yo;hey;;;;;;;
8787;yo;hey;;;;;;;
8788;yo;hey;;;;;;;
8789;yo;hey;;;;;;;
8790;yo;hey;;;;;;;
8791;yo;hey;;;;;;;
8792;yo;hey;;;;;;;
8793;yo;hey;;;;;;;
8794;yo;hey;;;;;;;
8795;yo;hey;;;;;;;
8796;yo;hey;;;;;;;
8797;yo;hey;;;;;;;
8798;yo;hey;;;;;;;
8799;yo;hey;;;;;;;
8800;yo;hey;;;;;;;
8801;yo;hey;;;;;;;
8802;yo;hey;;;;;;;
8803;yo;hey;;;;;;;
8804;yo;hey;;;;;;;
8805;yo;hey;;;;;;;
8806;yo;hey;;;;;;;
8807;yo;hey;;;;;;;
8808;yo;hey;;;;;;;
8809;yo;hey;;;;;;;
8810;yo;hey;;;;;;;
8811;yo;hey;;;;;;;
8812;yo;hey;;;;;;;
8813;yo;hey;;;;;;;
8814;yo;hey;;;;;;;
8815;yo;hey;;;;;;;
8816;yo;hey;;;;;;;
8817;yo;hey;;;;;;;
8818;yo;hey;;;;;;;
8819;yo;hey;;;;;;;
8820;yo;hey;;;;;;;
8821;yo;hey;;;;;;;
8822;yo;hey;;;;;;;
8823;yo;hey;;;;;;;
8824;yo;hey;;;;;;;
8825;yo;hey;;;;;;;
8826;yo;hey;;;;;;;
8827;yo;hey;;;;;;;
8828;yo;hey;;;;;;;
8829;yo;hey;;;;;;;
8830;yo;hey;;;;;;;
8831;yo;hey;;;;;;;
8832;yo;hey;;;;;;;
8833;yo;hey;;;;;;;
8834;yo;hey;;;;;;;
8835;yo;hey;;;;;;;
8836;yo;hey;;;;;;;
6437;yo;hey;;;;;;;
6438;yo;hey;;;;;;;
6439;yo;hey;;;;;;;
6440;yo;hey;;;;;;;
6441;yo;hey;;;;;;;
6442;yo;hey;;;;;;;
6443;yo;hey;;;;;;;
6444;yo;hey;;;;;;;
6445;yo;hey;;;;;;;
6446;yo;hey;;;;;;;
6447;yo;hey;;;;;;;
6448;yo;hey;;;;;;;
6449;yo;hey;;;;;;;
6450;yo;hey;;;;;;;
6451;yo;hey;;;;;;;
6452;yo;hey;;;;;;;
6453;yo;hey;;;;;;;
6454;yo;hey;;;;;;;
6455;yo;hey;;;;;;;
6456;yo;hey;;;;;;;
6457;yo;hey;;;;;;;
6458;yo;hey;;;;;;;
6459;yo;hey;;;;;;;
6460;yo;hey;;;;;;;
6461;yo;hey;;;;;;;
6462;yo;hey;;;;;;;
6463;yo;hey;;;;;;;
6464;yo;hey;;;;;;;
6465;yo;hey;;;;;;;
6466;yo;hey;;;;;;;
6467;yo;hey;;;;;;;
6468;yo;hey;;;;;;;
6469;yo;hey;;;;;;;
6470;yo;hey;;;;;;;
6471;yo;hey;;;;;;;
6472;yo;hey;;;;;;;
6473;yo;hey;;;;;;;
6474;yo;hey;;;;;;;
6475;yo;hey;;;;;;;
6476;yo;hey;;;;;;;
6477;yo;hey;;;;;;;
6478;yo;hey;;;;;;;
6479;yo;hey;;;;;;;
6480;yo;hey;;;;;;;
6481;yo;hey;;;;;;;
6482;yo;hey;;;;;;;
6483;yo;hey;;;;;;;
6484;yo;hey;;;;;;;
6485;yo;hey;;;;;;;
6486;yo;hey;;;;;;;
6487;yo;hey;;;;;;;
6488;yo;hey;;;;;;;
6489;yo;hey;;;;;;;
6490;yo;hey;;;;;;;
6491;yo;hey;;;;;;;
6492;yo;hey;;;;;;;
6493;yo;hey;;;;;;;
6494;yo;hey;;;;;;;
6495;yo;hey;;;;;;;
6496;yo;hey;;;;;;;
6497;yo;hey;;;;;;;
6498;yo;hey;;;;;;;
6499;yo;hey;;;;;;;
6500;yo;hey;;;;;;;
6501;yo;hey;;;;;;;
6502;yo;hey;;;;;;;
6503;yo;hey;;;;;;;
6504;yo;hey;;;;;;;
6505;yo;hey;;;;;;;
6506;yo;hey;;;;;;;
6507;yo;hey;;;;;;;
6508;yo;hey;;;;;;;
6509;yo;hey;;;;;;;
6510;yo;hey;;;;;;;
6511;yo;hey;;;;;;;
6512;yo;hey;;;;;;;
6513;yo;hey;;;;;;;
6514;yo;hey;;;;;;;
6515;yo;hey;;;;;;;
6516;yo;hey;;;;;;;
6517;yo;hey;;;;;;;
6518;yo;hey;;;;;;;
6519;yo;hey;;;;;;;
6520;yo;hey;;;;;;;
6521;yo;hey;;;;;;;
6522;yo;hey;;;;;;;
6523;yo;hey;;;;;;;
6524;yo;hey;;;;;;;
6525;yo;hey;;;;;;;
6526;yo;hey;;;;;;;
6527;yo;hey;;;;;;;
6528;yo;hey;;;;;;;
6529;yo;hey;;;;;;;
6530;yo;hey;;;;;;;
6531;yo;hey;;;;;;;
6532;yo;hey;;;;;;;
6533;yo;hey;;;;;;;
6534;yo;hey;;;;;;;
6535;yo;hey;;;;;;;
6536;yo;hey;;;;;;;
7337;yo;hey;;;;;;;
7338;yo;hey;;;;;;;
7339;yo;hey;;;;;;;
7340;yo;hey;;;;;;;
7341;yo;hey;;;;;;;
7342;yo;hey;;;;;;;
7343;yo;hey;;;;;;;
7344;yo;hey;;;;;;;
7345;yo;hey;;;;;;;
7346;yo;hey;;;;;;;
7347;yo;hey;;;;;;;
7348;yo;hey;;;;;;;
7349;yo;hey;;;;;;;
7350;yo;hey;;;;;;;
7351;yo;hey;;;;;;;
7352;yo;hey;;;;;;;
7353;yo;hey;;;;;;;
7354;yo;hey;;;;;;;
7355;yo;hey;;;;;;;
7356;yo;hey;;;;;;;
7357;yo;hey;;;;;;;
7358;yo;hey;;;;;;;
7359;yo;hey;;;;;;;
7360;yo;hey;;;;;;;
7361;yo;hey;;;;;;;
7362;yo;hey;;;;;;;
7363;yo;hey;;;;;;;
7364;yo;hey;;;;;;;
7365;yo;hey;;;;;;;
7366;yo;hey;;;;;;;
7367;yo;hey;;;;;;;
7368;yo;hey;;;;;;;
7369;yo;hey;;;;;;;
7370;yo;hey;;;;;;;
7371;yo;hey;;;;;;;
7372;yo;hey;;;;;;;
7373;yo;hey;;;;;;;
7374;yo;hey;;;;;;;
7375;yo;hey;;;;;;;
7376;yo;hey;;;;;;;
7377;yo;hey;;;;;;;
7378;yo;hey;;;;;;;
7379;yo;hey;;;;;;;
7380;yo;hey;;;;;;;
7381;yo;hey;;;;;;;
7382;yo;hey;;;;;;;
7383;yo;hey;;;;;;;
7384;yo;hey;;;;;;;
7385;yo;hey;;;;;;;
7386;yo;hey;;;;;;;
7387;yo;hey;;;;;;;
7388;yo;hey;;;;;;;
7389;yo;hey;;;;;;;
7390;yo;hey;;;;;;;
7391;yo;hey;;;;;;;
7392;yo;hey;;;;;;;
7393;yo;hey;;;;;;;
7394;yo;hey;;;;;;;
7395;yo;hey;;;;;;;
7396;yo;hey;;;;;;;
7397;yo;hey;;;;;;;
7398;yo;hey;;;;;;;
7399;yo;hey;;;;;;;
7400;yo;hey;;;;;;;
7401;yo;hey;;;;;;;
7402;yo;hey;;;;;;;
7403;yo;hey;;;;;;;
7404;yo;hey;;;;;;;
7405;yo;hey;;;;;;;
7406;yo;hey;;;;;;;
7407;yo;hey;;;;;;;
7408;yo;hey;;;;;;;
7409;yo;hey;;;;;;;
7410;yo;hey;;;;;;;
7411;yo;hey;;;;;;;
7412;yo;hey;;;;;;;
7413;yo;hey;;;;;;;
7414;yo;hey;;;;;;;
7415;yo;hey;;;;;;;
7416;yo;hey;;;;;;;
7417;yo;hey;;;;;;;
7418;yo;hey;;;;;;;
7419;yo;hey;;;;;;;
7420;yo;hey;;;;;;;
7421;yo;hey;;;;;;;
7422;yo;hey;;;;;;;
7423;yo;hey;;;;;;;
7424;yo;hey;;;;;;;
7425;yo;hey;;;;;;;
7426;yo;hey;;;;;;;
7427;yo;hey;;;;;;;
7428;yo;hey;;;;;;;
7429;yo;hey;;;;;;;
7430;yo;hey;;;;;;;
7431;yo;hey;;;;;;;
7432;yo;hey;;;;;;;
7433;yo;hey;;;;;;;
7434;yo;hey;;;;;;;
7435;yo;hey;;;;;;;
7436;yo;hey;;;;;;;
5037;yo;hey;;;;;;;
5038;yo;hey;;;;;;;
5039;yo;hey;;;;;;;
5040;yo;hey;;;;;;;
5041;yo;hey;;;;;;;
5042;yo;hey;;;;;;;
5043;yo;hey;;;;;;;
5044;yo;hey;;;;;;;
5045;yo;hey;;;;;;;
5046;yo;hey;;;;;;;
5047;yo;hey;;;;;;;
5048;yo;hey;;;;;;;
5049;yo;hey;;;;;;;
5050;yo;hey;;;;;;;
5051;yo;hey;;;;;;;
5052;yo;hey;;;;;;;
5053;yo;hey;;;;;;;
5054;yo;hey;;;;;;;
5055;yo;hey;;;;;;;
5056;yo;hey;;;;;;;
5057;yo;hey;;;;;;;
5058;yo;hey;;;;;;;
5059;yo;hey;;;;;;;
5060;yo;hey;;;;;;;
5061;yo;hey;;;;;;;
5062;yo;hey;;;;;;;
5063;yo;hey;;;;;;;
5064;yo;hey;;;;;;;
5065;yo;hey;;;;;;;
5066;yo;hey;;;;;;;
5067;yo;hey;;;;;;;
5068;yo;hey;;;;;;;
5069;yo;hey;;;;;;;
5070;yo;hey;;;;;;;
5071;yo;hey;;;;;;;
5072;yo;hey;;;;;;;
5073;yo;hey;;;;;;;
5074;yo;hey;;;;;;;
5075;yo;hey;;;;;;;
5076;yo;hey;;;;;;;
5077;yo;hey;;;;;;;
5078;yo;hey;;;;;;;
5079;yo;hey;;;;;;;
5080;yo;hey;;;;;;;
5081;yo;hey;;;;;;;
5082;yo;hey;;;;;;;
5083;yo;hey;;;;;;;
5084;yo;hey;;;;;;;
5085;yo;hey;;;;;;;
5086;yo;hey;;;;;;;
5087;yo;hey;;;;;;;
5088;yo;hey;;;;;;;
5089;yo;hey;;;;;;;
5090;yo;hey;;;;;;;
5091;yo;hey;;;;;;;
5092;yo;hey;;;;;;;
5093;yo;hey;;;;;;;
5094;yo;hey;;;;;;;
5095;yo;hey;;;;;;;
5096;yo;hey;;;;;;;
5097;yo;hey;;;;;;;
5098;yo;hey;;;;;;;
5099;yo;hey;;;;;;;
5100;yo;hey;;;;;;;
5101;yo;hey;;;;;;;
5102;yo;hey;;;;;;;
5103;yo;hey;;;;;;;
5104;yo;hey;;;;;;;
5105;yo;hey;;;;;;;
5106;yo;hey;;;;;;;
5107;yo;hey;;;;;;;
5108;yo;hey;;;;;;;
5109;yo;hey;;;;;;;
5110;yo;hey;;;;;;;
5111;yo;hey;;;;;;;
5112;yo;hey;;;;;;;
5113;yo;hey;;;;;;;
5114;yo;hey;;;;;;;
5115;yo;hey;;;;;;;
5116;yo;hey;;;;;;;
5117;yo;hey;;;;;;;
5118;yo;hey;;;;;;;
5119;yo;hey;;;;;;;
5120;yo;hey;;;;;;;
5121;yo;hey;;;;;;;
5122;yo;hey;;;;;;;
5123;yo;hey;;;;;;;
5124;yo;hey;;;;;;;
5125;yo;hey;;;;;;;
5126;yo;hey;;;;;;;
5127;yo;hey;;;;;;;
5128;yo;hey;;;;;;;
5129;yo;hey;;;;;;;
5130;yo;hey;;;;;;;
5131;yo;hey;;;;;;;
5132;yo;hey;;;;;;;
5133;yo;hey;;;;;;;
5134;yo;hey;;;;;;;
5135;yo;hey;;;;;;;
5136;yo;hey;;;;;;;
8237;yo;hey;;;;;;;
8238;yo;hey;;;;;;;
8239;yo;hey;;;;;;;
8240;yo;hey;;;;;;;
8241;yo;hey;;;;;;;
8242;yo;hey;;;;;;;
8243;yo;hey;;;;;;;
8244;yo;hey;;;;;;;
8245;yo;hey;;;;;;;
8246;yo;hey;;;;;;;
8247;yo;hey;;;;;;;
8248;yo;hey;;;;;;;
8249;yo;hey;;;;;;;
8250;yo;hey;;;;;;;
8251;yo;hey;;;;;;;
8252;yo;hey;;;;;;;
8253;yo;hey;;;;;;;
8254;yo;hey;;;;;;;
8255;yo;hey;;;;;;;
8256;yo;hey;;;;;;;
8257;yo;hey;;;;;;;
8258;yo;hey;;;;;;;
8259;yo;hey;;;;;;;
8260;yo;hey;;;;;;;
8261;yo;hey;;;;;;;
8262;yo;hey;;;;;;;
8263;yo;hey;;;;;;;
8264;yo;hey;;;;;;;
8265;yo;hey;;;;;;;
8266;yo;hey;;;;;;;
8267;yo;hey;;;;;;;
8268;yo;hey;;;;;;;
8269;yo;hey;;;;;;;
8270;yo;hey;;;;;;;
8271;yo;hey;;;;;;;
8272;yo;hey;;;;;;;
8273;yo;hey;;;;;;;
8274;yo;hey;;;;;;;
8275;yo;hey;;;;;;;
8276;yo;hey;;;;;;;
8277;yo;hey;;;;;;;
8278;yo;hey;;;;;;;
8279;yo;hey;;;;;;;
8280;yo;hey;;;;;;;
8281;yo;hey;;;;;;;
8282;yo;hey;;;;;;;
8283;yo;hey;;;;;;;
8284;yo;hey;;;;;;;
8285;yo;hey;;;;;;;
8286;yo;hey;;;;;;;
8287;yo;hey;;;;;;;
8288;yo;hey;;;;;;;
8289;yo;hey;;;;;;;
8290;yo;hey;;;;;;;
8291;yo;hey;;;;;;;
8292;yo;hey;;;;;;;
8293;yo;hey;;;;;;;
8294;yo;hey;;;;;;;
8295;yo;hey;;;;;;;
8296;yo;hey;;;;;;;
8297;yo;hey;;;;;;;
8298;yo;hey;;;;;;;
8299;yo;hey;;;;;;;
8300;yo;hey;;;;;;;
8301;yo;hey;;;;;;;
8302;yo;hey;;;;;;;
8303;yo;hey;;;;;;;
8304;yo;hey;;;;;;;
8305;yo;hey;;;;;;;
8306;yo;hey;;;;;;;
8307;yo;hey;;;;;;;
8308;yo;hey;;;;;;;
8309;yo;hey;;;;;;;
8310;yo;hey;;;;;;;
8311;yo;hey;;;;;;;
8312;yo;hey;;;;;;;
8313;yo;hey;;;;;;;
8314;yo;hey;;;;;;;
8315;yo;hey;;;;;;;
8316;yo;hey;;;;;;;
8317;yo;hey;;;;;;;
8318;yo;hey;;;;;;;
8319;yo;hey;;;;;;;
8320;yo;hey;;;;;;;
8321;yo;hey;;;;;;;
8322;yo;hey;;;;;;;
8323;yo;hey;;;;;;;
8324;yo;hey;;;;;;;
8325;yo;hey;;;;;;;
8326;yo;hey;;;;;;;
8327;yo;hey;;;;;;;
8328;yo;hey;;;;;;;
8329;yo;hey;;;;;;;
8330;yo;hey;;;;;;;
8331;yo;hey;;;;;;;
8332;yo;hey;;;;;;;
8333;yo;hey;;;;;;;
8334;yo;hey;;;;;;;
8335;yo;hey;;;;;;;
8336;yo;hey;;;;;;;
5937;yo;hey;;;;;;;
5938;yo;hey;;;;;;;
5939;yo;hey;;;;;;;
5940;yo;hey;;;;;;;
5941;yo;hey;;;;;;;
5942;yo;hey;;;;;;;
5943;yo;hey;;;;;;;
5944;yo;hey;;;;;;;
5945;yo;hey;;;;;;;
5946;yo;hey;;;;;;;
5947;yo;hey;;;;;;;
5948;yo;hey;;;;;;;
5949;yo;hey;;;;;;;
5950;yo;hey;;;;;;;
5951;yo;hey;;;;;;;
5952;yo;hey;;;;;;;
5953;yo;hey;;;;;;;
5954;yo;hey;;;;;;;
5955;yo;hey;;;;;;;
5956;yo;hey;;;;;;;
5957;yo;hey;;;;;;;
5958;yo;hey;;;;;;;
5959;yo;hey;;;;;;;
5960;yo;hey;;;;;;;
5961;yo;hey;;;;;;;
5962;yo;hey;;;;;;;
5963;yo;hey;;;;;;;
5964;yo;hey;;;;;;;
5965;yo;hey;;;;;;;
5966;yo;hey;;;;;;;
5967;yo;hey;;;;;;;
5968;yo;hey;;;;;;;
5969;yo;hey;;;;;;;
5970;yo;hey;;;;;;;
5971;yo;hey;;;;;;;
5972;yo;hey;;;;;;;
5973;yo;hey;;;;;;;
5974;yo;hey;;;;;;;
5975;yo;hey;;;;;;;
5976;yo;hey;;;;;;;
5977;yo;hey;;;;;;;
5978;yo;hey;;;;;;;
5979;yo;hey;;;;;;;
5980;yo;hey;;;;;;;
5981;yo;hey;;;;;;;
5982;yo;hey;;;;;;;
5983;yo;hey;;;;;;;
5984;yo;hey;;;;;;;
5985;yo;hey;;;;;;;
5986;yo;hey;;;;;;;
5987;yo;hey;;;;;;;
5988;yo;hey;;;;;;;
5989;yo;hey;;;;;;;
5990;yo;hey;;;;;;;
5991;yo;hey;;;;;;;
5992;yo;hey;;;;;;;
5993;yo;hey;;;;;;;
5994;yo;hey;;;;;;;
5995;yo;hey;;;;;;;
5996;yo;hey;;;;;;;
5997;yo;hey;;;;;;;
5998;yo;hey;;;;;;;
5999;yo;hey;;;;;;;
6000;yo;hey;;;;;;;
6001;yo;hey;;;;;;;
6002;yo;hey;;;;;;;
6003;yo;hey;;;;;;;
6004;yo;hey;;;;;;;
6005;yo;hey;;;;;;;
6006;yo;hey;;;;;;;
6007;yo;hey;;;;;;;
6008;yo;hey;;;;;;;
6009;yo;hey;;;;;;;
6010;yo;hey;;;;;;;
6011;yo;hey;;;;;;;
6012;yo;hey;;;;;;;
6013;yo;hey;;;;;;;
6014;yo;hey;;;;;;;
6015;yo;hey;;;;;;;
6016;yo;hey;;;;;;;
6017;yo;hey;;;;;;;
6018;yo;hey;;;;;;;
6019;yo;hey;;;;;;;
6020;yo;hey;;;;;;;
6021;yo;hey;;;;;;;
6022;yo;hey;;;;;;;
6023;yo;hey;;;;;;;
6024;yo;hey;;;;;;;
6025;yo;hey;;;;;;;
6026;yo;hey;;;;;;;
6027;yo;hey;;;;;;;
6028;yo;hey;;;;;;;
6029;yo;hey;;;;;;;
6030;yo;hey;;;;;;;
6031;yo;hey;;;;;;;
6032;yo;hey;;;;;;;
6033;yo;hey;;;;;;;
6034;yo;hey;;;;;;;
6035;yo;hey;;;;;;;
6036;yo;hey;;;;;;;
9137;yo;hey;;;;;;;
9138;yo;hey;;;;;;;
9139;yo;hey;;;;;;;
9140;yo;hey;;;;;;;
9141;yo;hey;;;;;;;
9142;yo;hey;;;;;;;
9143;yo;hey;;;;;;;
9144;yo;hey;;;;;;;
9145;yo;hey;;;;;;;
9146;yo;hey;;;;;;;
9147;yo;hey;;;;;;;
9148;yo;hey;;;;;;;
9149;yo;hey;;;;;;;
9150;yo;hey;;;;;;;
9151;yo;hey;;;;;;;
9152;yo;hey;;;;;;;
9153;yo;hey;;;;;;;
9154;yo;hey;;;;;;;
9155;yo;hey;;;;;;;
9156;yo;hey;;;;;;;
9157;yo;hey;;;;;;;
9158;yo;hey;;;;;;;
9159;yo;hey;;;;;;;
9160;yo;hey;;;;;;;
9161;yo;hey;;;;;;;
9162;yo;hey;;;;;;;
9163;yo;hey;;;;;;;
9164;yo;hey;;;;;;;
9165;yo;hey;;;;;;;
9166;yo;hey;;;;;;;
9167;yo;hey;;;;;;;
9168;yo;hey;;;;;;;
9169;yo;hey;;;;;;;
9170;yo;hey;;;;;;;
9171;yo;hey;;;;;;;
9172;yo;hey;;;;;;;
9173;yo;hey;;;;;;;
9174;yo;hey;;;;;;;
9175;yo;hey;;;;;;;
9176;yo;hey;;;;;;;
9177;yo;hey;;;;;;;
9178;yo;hey;;;;;;;
9179;yo;hey;;;;;;;
9180;yo;hey;;;;;;;
9181;yo;hey;;;;;;;
9182;yo;hey;;;;;;;
9183;yo;hey;;;;;;;
9184;yo;hey;;;;;;;
9185;yo;hey;;;;;;;
9186;yo;hey;;;;;;;
9187;yo;hey;;;;;;;
9188;yo;hey;;;;;;;
9189;yo;hey;;;;;;;
9190;yo;hey;;;;;;;
9191;yo;hey;;;;;;;
9192;yo;hey;;;;;;;
9193;yo;hey;;;;;;;
9194;yo;hey;;;;;;;
9195;yo;hey;;;;;;;
9196;yo;hey;;;;;;;
9197;yo;hey;;;;;;;
9198;yo;hey;;;;;;;
9199;yo;hey;;;;;;;
9200;yo;hey;;;;;;;
9201;yo;hey;;;;;;;
9202;yo;hey;;;;;;;
9203;yo;hey;;;;;;;
9204;yo;hey;;;;;;;
9205;yo;hey;;;;;;;
9206;yo;hey;;;;;;;
9207;yo;hey;;;;;;;
9208;yo;hey;;;;;;;
9209;yo;hey;;;;;;;
9210;yo;hey;;;;;;;
9211;yo;hey;;;;;;;
9212;yo;hey;;;;;;;
9213;yo;hey;;;;;;;
9214;yo;hey;;;;;;;
9215;yo;hey;;;;;;;
9216;yo;hey;;;;;;;
9217;yo;hey;;;;;;;
9218;yo;hey;;;;;;;
9219;yo;hey;;;;;;;
9220;yo;hey;;;;;;;
9221;yo;hey;;;;;;;
9222;yo;hey;;;;;;;
9223;yo;hey;;;;;;;
9224;yo;hey;;;;;;;
9225;yo;hey;;;;;;;
9226;yo;hey;;;;;;;
9227;yo;hey;;;;;;;
9228;yo;hey;;;;;;;
9229;yo;hey;;;;;;;
9230;yo;hey;;;;;;;
9231;yo;hey;;;;;;;
9232;yo;hey;;;;;;;
9233;yo;hey;;;;;;;
9234;yo;hey;;;;;;;
9235;yo;hey;;;;;;;
9236;yo;hey;;;;;;;
6837;yo;hey;;;;;;;
6838;yo;hey;;;;;;;
6839;yo;hey;;;;;;;
6840;yo;hey;;;;;;;
6841;yo;hey;;;;;;;
6842;yo;hey;;;;;;;
6843;yo;hey;;;;;;;
6844;yo;hey;;;;;;;
6845;yo;hey;;;;;;;
6846;yo;hey;;;;;;;
6847;yo;hey;;;;;;;
6848;yo;hey;;;;;;;
6849;yo;hey;;;;;;;
6850;yo;hey;;;;;;;
6851;yo;hey;;;;;;;
6852;yo;hey;;;;;;;
6853;yo;hey;;;;;;;
6854;yo;hey;;;;;;;
6855;yo;hey;;;;;;;
6856;yo;hey;;;;;;;
6857;yo;hey;;;;;;;
6858;yo;hey;;;;;;;
6859;yo;hey;;;;;;;
6860;yo;hey;;;;;;;
6861;yo;hey;;;;;;;
6862;yo;hey;;;;;;;
6863;yo;hey;;;;;;;
6864;yo;hey;;;;;;;
6865;yo;hey;;;;;;;
6866;yo;hey;;;;;;;
6867;yo;hey;;;;;;;
6868;yo;hey;;;;;;;
6869;yo;hey;;;;;;;
6870;yo;hey;;;;;;;
6871;yo;hey;;;;;;;
6872;yo;hey;;;;;;;
6873;yo;hey;;;;;;;
6874;yo;hey;;;;;;;
6875;yo;hey;;;;;;;
6876;yo;hey;;;;;;;
6877;yo;hey;;;;;;;
6878;yo;hey;;;;;;;
6879;yo;hey;;;;;;;
6880;yo;hey;;;;;;;
6881;yo;hey;;;;;;;
6882;yo;hey;;;;;;;
6883;yo;hey;;;;;;;
6884;yo;hey;;;;;;;
6885;yo;hey;;;;;;;
6886;yo;hey;;;;;;;
6887;yo;hey;;;;;;;
6888;yo;hey;;;;;;;
6889;yo;hey;;;;;;;
6890;yo;hey;;;;;;;
6891;yo;hey;;;;;;;
6892;yo;hey;;;;;;;
6893;yo;hey;;;;;;;
6894;yo;hey;;;;;;;
6895;yo;hey;;;;;;;
6896;yo;hey;;;;;;;
6897;yo;hey;;;;;;;
6898;yo;hey;;;;;;;
6899;yo;hey;;;;;;;
6900;yo;hey;;;;;;;
6901;yo;hey;;;;;;;
6902;yo;hey;;;;;;;
6903;yo;hey;;;;;;;
6904;yo;hey;;;;;;;
6905;yo;hey;;;;;;;
6906;yo;hey;;;;;;;
6907;yo;hey;;;;;;;
6908;yo;hey;;;;;;;
6909;yo;hey;;;;;;;
6910;yo;hey;;;;;;;
6911;yo;hey;;;;;;;
6912;yo;hey;;;;;;;
6913;yo;hey;;;;;;;
6914;yo;hey;;;;;;;
6915;yo;hey;;;;;;;
6916;yo;hey;;;;;;;
6917;yo;hey;;;;;;;
6918;yo;hey;;;;;;;
6919;yo;hey;;;;;;;
6920;yo;hey;;;;;;;
6921;yo;hey;;;;;;;
6922;yo;hey;;;;;;;
6923;yo;hey;;;;;;;
6924;yo;hey;;;;;;;
6925;yo;hey;;;;;;;
6926;yo;hey;;;;;;;
6927;yo;hey;;;;;;;
6928;yo;hey;;;;;;;
6929;yo;hey;;;;;;;
6930;yo;hey;;;;;;;
6931;yo;hey;;;;;;;
6932;yo;hey;;;;;;;
6933;yo;hey;;;;;;;
6934;yo;hey;;;;;;;
6935;yo;hey;;;;;;;
6936;yo;hey;;;;;;;
4537;yo;hey;;;;;;;
4538;yo;hey;;;;;;;
4539;yo;hey;;;;;;;
4540;yo;hey;;;;;;;
4541;yo;hey;;;;;;;
4542;yo;hey;;;;;;;
4543;yo;hey;;;;;;;
4544;yo;hey;;;;;;;
4545;yo;hey;;;;;;;
4546;yo;hey;;;;;;;
4547;yo;hey;;;;;;;
4548;yo;hey;;;;;;;
4549;yo;hey;;;;;;;
4550;yo;hey;;;;;;;
4551;yo;hey;;;;;;;
4552;yo;hey;;;;;;;
4553;yo;hey;;;;;;;
4554;yo;hey;;;;;;;
4555;yo;hey;;;;;;;
4556;yo;hey;;;;;;;
4557;yo;hey;;;;;;;
4558;yo;hey;;;;;;;
4559;yo;hey;;;;;;;
4560;yo;hey;;;;;;;
4561;yo;hey;;;;;;;
4562;yo;hey;;;;;;;
4563;yo;hey;;;;;;;
4564;yo;hey;;;;;;;
4565;yo;hey;;;;;;;
4566;yo;hey;;;;;;;
4567;yo;hey;;;;;;;
4568;yo;hey;;;;;;;
4569;yo;hey;;;;;;;
4570;yo;hey;;;;;;;
4571;yo;hey;;;;;;;
4572;yo;hey;;;;;;;
4573;yo;hey;;;;;;;
4574;yo;hey;;;;;;;
4575;yo;hey;;;;;;;
4576;yo;hey;;;;;;;
4577;yo;hey;;;;;;;
4578;yo;hey;;;;;;;
4579;yo;hey;;;;;;;
4580;yo;hey;;;;;;;
4581;yo;hey;;;;;;;
4582;yo;hey;;;;;;;
4583;yo;hey;;;;;;;
4584;yo;hey;;;;;;;
4585;yo;hey;;;;;;;
4586;yo;hey;;;;;;;
4587;yo;hey;;;;;;;
4588;yo;hey;;;;;;;
4589;yo;hey;;;;;;;
4590;yo;hey;;;;;;;
4591;yo;hey;;;;;;;
4592;yo;hey;;;;;;;
4593;yo;hey;;;;;;;
4594;yo;hey;;;;;;;
4595;yo;hey;;;;;;;
4596;yo;hey;;;;;;;
4597;yo;hey;;;;;;;
4598;yo;hey;;;;;;;
4599;yo;hey;;;;;;;
4600;yo;hey;;;;;;;
4601;yo;hey;;;;;;;
4602;yo;hey;;;;;;;
4603;yo;hey;;;;;;;
4604;yo;hey;;;;;;;
4605;yo;hey;;;;;;;
4606;yo;hey;;;;;;;
4607;yo;hey;;;;;;;
4608;yo;hey;;;;;;;
4609;yo;hey;;;;;;;
4610;yo;hey;;;;;;;
4611;yo;hey;;;;;;;
4612;yo;hey;;;;;;;
4613;yo;hey;;;;;;;
4614;yo;hey;;;;;;;
4615;yo;hey;;;;;;;
4616;yo;hey;;;;;;;
4617;yo;hey;;;;;;;
4618;yo;hey;;;;;;;
4619;yo;hey;;;;;;;
4620;yo;hey;;;;;;;
4621;yo;hey;;;;;;;
4622;yo;hey;;;;;;;
4623;yo;hey;;;;;;;
4624;yo;hey;;;;;;;
4625;yo;hey;;;;;;;
4626;yo;hey;;;;;;;
4627;yo;hey;;;;;;;
4628;yo;hey;;;;;;;
4629;yo;hey;;;;;;;
4630;yo;hey;;;;;;;
4631;yo;hey;;;;;;;
4632;yo;hey;;;;;;;
4633;yo;hey;;;;;;;
4634;yo;hey;;;;;;;
4635;yo;hey;;;;;;;
4636;yo;hey;;;;;;;
7737;yo;hey;;;;;;;
7738;yo;hey;;;;;;;
7739;yo;hey;;;;;;;
7740;yo;hey;;;;;;;
7741;yo;hey;;;;;;;
7742;yo;hey;;;;;;;
7743;yo;hey;;;;;;;
7744;yo;hey;;;;;;;
7745;yo;hey;;;;;;;
7746;yo;hey;;;;;;;
7747;yo;hey;;;;;;;
7748;yo;hey;;;;;;;
7749;yo;hey;;;;;;;
7750;yo;hey;;;;;;;
7751;yo;hey;;;;;;;
7752;yo;hey;;;;;;;
7753;yo;hey;;;;;;;
7754;yo;hey;;;;;;;
7755;yo;hey;;;;;;;
7756;yo;hey;;;;;;;
7757;yo;hey;;;;;;;
7758;yo;hey;;;;;;;
7759;yo;hey;;;;;;;
7760;yo;hey;;;;;;;
7761;yo;hey;;;;;;;
7762;yo;hey;;;;;;;
7763;yo;hey;;;;;;;
7764;yo;hey;;;;;;;
7765;yo;hey;;;;;;;
7766;yo;hey;;;;;;;
7767;yo;hey;;;;;;;
7768;yo;hey;;;;;;;
7769;yo;hey;;;;;;;
7770;yo;hey;;;;;;;
7771;yo;hey;;;;;;;
7772;yo;hey;;;;;;;
7773;yo;hey;;;;;;;
7774;yo;hey;;;;;;;
7775;yo;hey;;;;;;;
7776;yo;hey;;;;;;;
7777;yo;hey;;;;;;;
7778;yo;hey;;;;;;;
7779;yo;hey;;;;;;;
7780;yo;hey;;;;;;;
7781;yo;hey;;;;;;;
7782;yo;hey;;;;;;;
7783;yo;hey;;;;;;;
7784;yo;hey;;;;;;;
7785;yo;hey;;;;;;;
7786;yo;hey;;;;;;;
7787;yo;hey;;;;;;;
7788;yo;hey;;;;;;;
7789;yo;hey;;;;;;;
7790;yo;hey;;;;;;;
7791;yo;hey;;;;;;;
7792;yo;hey;;;;;;;
7793;yo;hey;;;;;;;
7794;yo;hey;;;;;;;
7795;yo;hey;;;;;;;
7796;yo;hey;;;;;;;
7797;yo;hey;;;;;;;
7798;yo;hey;;;;;;;
7799;yo;hey;;;;;;;
7800;yo;hey;;;;;;;
7801;yo;hey;;;;;;;
7802;yo;hey;;;;;;;
7803;yo;hey;;;;;;;
7804;yo;hey;;;;;;;
7805;yo;hey;;;;;;;
7806;yo;hey;;;;;;;
7807;yo;hey;;;;;;;
7808;yo;hey;;;;;;;
7809;yo;hey;;;;;;;
7810;yo;hey;;;;;;;
7811;yo;hey;;;;;;;
7812;yo;hey;;;;;;;
7813;yo;hey;;;;;;;
7814;yo;hey;;;;;;;
7815;yo;hey;;;;;;;
7816;yo;hey;;;;;;;
7817;yo;hey;;;;;;;
7818;yo;hey;;;;;;;
7819;yo;hey;;;;;;;
7820;yo;hey;;;;;;;
7821;yo;hey;;;;;;;
7822;yo;hey;;;;;;;
7823;yo;hey;;;;;;;
7824;yo;hey;;;;;;;
7825;yo;hey;;;;;;;
7826;yo;hey;;;;;;;
7827;yo;hey;;;;;;;
7828;yo;hey;;;;;;;
7829;yo;hey;;;;;;;
7830;yo;hey;;;;;;;
7831;yo;hey;;;;;;;
7832;yo;hey;;;;;;;
7833;yo;hey;;;;;;;
7834;yo;hey;;;;;;;
7835;yo;hey;;;;;;;
7836;yo;hey;;;;;;;
5437;yo;hey;;;;;;;
5438;yo;hey;;;;;;;
5439;yo;hey;;;;;;;
5440;yo;hey;;;;;;;
5441;yo;hey;;;;;;;
5442;yo;hey;;;;;;;
5443;yo;hey;;;;;;;
5444;yo;hey;;;;;;;
5445;yo;hey;;;;;;;
5446;yo;hey;;;;;;;
5447;yo;hey;;;;;;;
5448;yo;hey;;;;;;;
5449;yo;hey;;;;;;;
5450;yo;hey;;;;;;;
5451;yo;hey;;;;;;;
5452;yo;hey;;;;;;;
5453;yo;hey;;;;;;;
5454;yo;hey;;;;;;;
5455;yo;hey;;;;;;;
5456;yo;hey;;;;;;;
5457;yo;hey;;;;;;;
5458;yo;hey;;;;;;;
5459;yo;hey;;;;;;;
5460;yo;hey;;;;;;;
5461;yo;hey;;;;;;;
5462;yo;hey;;;;;;;
5463;yo;hey;;;;;;;
5464;yo;hey;;;;;;;
5465;yo;hey;;;;;;;
5466;yo;hey;;;;;;;
5467;yo;hey;;;;;;;
5468;yo;hey;;;;;;;
5469;yo;hey;;;;;;;
5470;yo;hey;;;;;;;
5471;yo;hey;;;;;;;
5472;yo;hey;;;;;;;
5473;yo;hey;;;;;;;
5474;yo;hey;;;;;;;
5475;yo;hey;;;;;;;
5476;yo;hey;;;;;;;
5477;yo;hey;;;;;;;
5478;yo;hey;;;;;;;
5479;yo;hey;;;;;;;
5480;yo;hey;;;;;;;
5481;yo;hey;;;;;;;
5482;yo;hey;;;;;;;
5483;yo;hey;;;;;;;
5484;yo;hey;;;;;;;
5485;yo;hey;;;;;;;
5486;yo;hey;;;;;;;
5487;yo;hey;;;;;;;
5488;yo;hey;;;;;;;
5489;yo;hey;;;;;;;
5490;yo;hey;;;;;;;
5491;yo;hey;;;;;;;
5492;yo;hey;;;;;;;
5493;yo;hey;;;;;;;
5494;yo;hey;;;;;;;
5495;yo;hey;;;;;;;
5496;yo;hey;;;;;;;
5497;yo;hey;;;;;;;
5498;yo;hey;;;;;;;
5499;yo;hey;;;;;;;
5500;yo;hey;;;;;;;
5501;yo;hey;;;;;;;
5502;yo;hey;;;;;;;
5503;yo;hey;;;;;;;
5504;yo;hey;;;;;;;
5505;yo;hey;;;;;;;
5506;yo;hey;;;;;;;
5507;yo;hey;;;;;;;
5508;yo;hey;;;;;;;
5509;yo;hey;;;;;;;
5510;yo;hey;;;;;;;
5511;yo;hey;;;;;;;
5512;yo;hey;;;;;;;
5513;yo;hey;;;;;;;
5514;yo;hey;;;;;;;
5515;yo;hey;;;;;;;
5516;yo;hey;;;;;;;
5517;yo;hey;;;;;;;
5518;yo;hey;;;;;;;
5519;yo;hey;;;;;;;
5520;yo;hey;;;;;;;
5521;yo;hey;;;;;;;
5522;yo;hey;;;;;;;
5523;yo;hey;;;;;;;
5524;yo;hey;;;;;;;
5525;yo;hey;;;;;;;
5526;yo;hey;;;;;;;
5527;yo;hey;;;;;;;
5528;yo;hey;;;;;;;
5529;yo;hey;;;;;;;
5530;yo;hey;;;;;;;
5531;yo;hey;;;;;;;
5532;yo;hey;;;;;;;
5533;yo;hey;;;;;;;
5534;yo;hey;;;;;;;
5535;yo;hey;;;;;;;
5536;yo;hey;;;;;;;
8637;yo;hey;;;;;;;
8638;yo;hey;;;;;;;
8639;yo;hey;;;;;;;
8640;yo;hey;;;;;;;
8641;yo;hey;;;;;;;
8642;yo;hey;;;;;;;
8643;yo;hey;;;;;;;
8644;yo;hey;;;;;;;
8645;yo;hey;;;;;;;
8646;yo;hey;;;;;;;
8647;yo;hey;;;;;;;
8648;yo;hey;;;;;;;
8649;yo;hey;;;;;;;
8650;yo;hey;;;;;;;
8651;yo;hey;;;;;;;
8652;yo;hey;;;;;;;
8653;yo;hey;;;;;;;
8654;yo;hey;;;;;;;
8655;yo;hey;;;;;;;
8656;yo;hey;;;;;;;
8657;yo;hey;;;;;;;
8658;yo;hey;;;;;;;
8659;yo;hey;;;;;;;
8660;yo;hey;;;;;;;
8661;yo;hey;;;;;;;
8662;yo;hey;;;;;;;
8663;yo;hey;;;;;;;
8664;yo;hey;;;;;;;
8665;yo;hey;;;;;;;
8666;yo;hey;;;;;;;
8667;yo;hey;;;;;;;
8668;yo;hey;;;;;;;
8669;yo;hey;;;;;;;
8670;yo;hey;;;;;;;
8671;yo;hey;;;;;;;
8672;yo;hey;;;;;;;
8673;yo;hey;;;;;;;
8674;yo;hey;;;;;;;
8675;yo;hey;;;;;;;
8676;yo;hey;;;;;;;
8677;yo;hey;;;;;;;
8678;yo;hey;;;;;;;
8679;yo;hey;;;;;;;
8680;yo;hey;;;;;;;
8681;yo;hey;;;;;;;
8682;yo;hey;;;;;;;
8683;yo;hey;;;;;;;
8684;yo;hey;;;;;;;
8685;yo;hey;;;;;;;
8686;yo;hey;;;;;;;
8687;yo;hey;;;;;;;
8688;yo;hey;;;;;;;
8689;yo;hey;;;;;;;
8690;yo;hey;;;;;;;
8691;yo;hey;;;;;;;
8692;yo;hey;;;;;;;
8693;yo;hey;;;;;;;
8694;yo;hey;;;;;;;
8695;yo;hey;;;;;;;
8696;yo;hey;;;;;;;
8697;yo;hey;;;;;;;
8698;yo;hey;;;;;;;
8699;yo;hey;;;;;;;
8700;yo;hey;;;;;;;
8701;yo;hey;;;;;;;
8702;yo;hey;;;;;;;
8703;yo;hey;;;;;;;
8704;yo;hey;;;;;;;
8705;yo;hey;;;;;;;
8706;yo;hey;;;;;;;
8707;yo;hey;;;;;;;
8708;yo;hey;;;;;;;
8709;yo;hey;;;;;;;
8710;yo;hey;;;;;;;
8711;yo;hey;;;;;;;
8712;yo;hey;;;;;;;
8713;yo;hey;;;;;;;
8714;yo;hey;;;;;;;
8715;yo;hey;;;;;;;
8716;yo;hey;;;;;;;
8717;yo;hey;;;;;;;
8718;yo;hey;;;;;;;
8719;yo;hey;;;;;;;
8720;yo;hey;;;;;;;
8721;yo;hey;;;;;;;
8722;yo;hey;;;;;;;
8723;yo;hey;;;;;;;
8724;yo;hey;;;;;;;
8725;yo;hey;;;;;;;
8726;yo;hey;;;;;;;
8727;yo;hey;;;;;;;
8728;yo;hey;;;;;;;
8729;yo;hey;;;;;;;
8730;yo;hey;;;;;;;
8731;yo;hey;;;;;;;
8732;yo;hey;;;;;;;
8733;yo;hey;;;;;;;
8734;yo;hey;;;;;;;
8735;yo;hey;;;;;;;
8736;yo;hey;;;;;;;
6337;yo;hey;;;;;;;
6338;yo;hey;;;;;;;
6339;yo;hey;;;;;;;
6340;yo;hey;;;;;;;
6341;yo;hey;;;;;;;
6342;yo;hey;;;;;;;
6343;yo;hey;;;;;;;
6344;yo;hey;;;;;;;
6345;yo;hey;;;;;;;
6346;yo;hey;;;;;;;
6347;yo;hey;;;;;;;
6348;yo;hey;;;;;;;
6349;yo;hey;;;;;;;
6350;yo;hey;;;;;;;
6351;yo;hey;;;;;;;
6352;yo;hey;;;;;;;
6353;yo;hey;;;;;;;
6354;yo;hey;;;;;;;
6355;yo;hey;;;;;;;
6356;yo;hey;;;;;;;
6357;yo;hey;;;;;;;
6358;yo;hey;;;;;;;
6359;yo;hey;;;;;;;
6360;yo;hey;;;;;;;
6361;yo;hey;;;;;;;
6362;yo;hey;;;;;;;
6363;yo;hey;;;;;;;
6364;yo;hey;;;;;;;
6365;yo;hey;;;;;;;
6366;yo;hey;;;;;;;
6367;yo;hey;;;;;;;
6368;yo;hey;;;;;;;
6369;yo;hey;;;;;;;
6370;yo;hey;;;;;;;
6371;yo;hey;;;;;;;
6372;yo;hey;;;;;;;
6373;yo;hey;;;;;;;
6374;yo;hey;;;;;;;
6375;yo;hey;;;;;;;
6376;yo;hey;;;;;;;
6377;yo;hey;;;;;;;
6378;yo;hey;;;;;;;
6379;yo;hey;;;;;;;
6380;yo;hey;;;;;;;
6381;yo;hey;;;;;;;
6382;yo;hey;;;;;;;
6383;yo;hey;;;;;;;
6384;yo;hey;;;;;;;
6385;yo;hey;;;;;;;
6386;yo;hey;;;;;;;
6387;yo;hey;;;;;;;
6388;yo;hey;;;;;;;
6389;yo;hey;;;;;;;
6390;yo;hey;;;;;;;
6391;yo;hey;;;;;;;
6392;yo;hey;;;;;;;
6393;yo;hey;;;;;;;
6394;yo;hey;;;;;;;
6395;yo;hey;;;;;;;
6396;yo;hey;;;;;;;
6397;yo;hey;;;;;;;
6398;yo;hey;;;;;;;
6399;yo;hey;;;;;;;
6400;yo;hey;;;;;;;
6401;yo;hey;;;;;;;
6402;yo;hey;;;;;;;
6403;yo;hey;;;;;;;
6404;yo;hey;;;;;;;
6405;yo;hey;;;;;;;
6406;yo;hey;;;;;;;
6407;yo;hey;;;;;;;
6408;yo;hey;;;;;;;
6409;yo;hey;;;;;;;
6410;yo;hey;;;;;;;
6411;yo;hey;;;;;;;
6412;yo;hey;;;;;;;
6413;yo;hey;;;;;;;
6414;yo;hey;;;;;;;
6415;yo;hey;;;;;;;
6416;yo;hey;;;;;;;
6417;yo;hey;;;;;;;
6418;yo;hey;;;;;;;
6419;yo;hey;;;;;;;
6420;yo;hey;;;;;;;
6421;yo;hey;;;;;;;
6422;yo;hey;;;;;;;
6423;yo;hey;;;;;;;
6424;yo;hey;;;;;;;
6425;yo;hey;;;;;;;
6426;yo;hey;;;;;;;
6427;yo;hey;;;;;;;
6428;yo;hey;;;;;;;
6429;yo;hey;;;;;;;
6430;yo;hey;;;;;;;
6431;yo;hey;;;;;;;
6432;yo;hey;;;;;;;
6433;yo;hey;;;;;;;
6434;yo;hey;;;;;;;
6435;yo;hey;;;;;;;
6436;yo;hey;;;;;;;
7237;yo;hey;;;;;;;
7238;yo;hey;;;;;;;
7239;yo;hey;;;;;;;
7240;yo;hey;;;;;;;
7241;yo;hey;;;;;;;
7242;yo;hey;;;;;;;
7243;yo;hey;;;;;;;
7244;yo;hey;;;;;;;
7245;yo;hey;;;;;;;
7246;yo;hey;;;;;;;
7247;yo;hey;;;;;;;
7248;yo;hey;;;;;;;
7249;yo;hey;;;;;;;
7250;yo;hey;;;;;;;
7251;yo;hey;;;;;;;
7252;yo;hey;;;;;;;
7253;yo;hey;;;;;;;
7254;yo;hey;;;;;;;
7255;yo;hey;;;;;;;
7256;yo;hey;;;;;;;
7257;yo;hey;;;;;;;
7258;yo;hey;;;;;;;
7259;yo;hey;;;;;;;
7260;yo;hey;;;;;;;
7261;yo;hey;;;;;;;
7262;yo;hey;;;;;;;
7263;yo;hey;;;;;;;
7264;yo;hey;;;;;;;
7265;yo;hey;;;;;;;
7266;yo;hey;;;;;;;
7267;yo;hey;;;;;;;
7268;yo;hey;;;;;;;
7269;yo;hey;;;;;;;
7270;yo;hey;;;;;;;
7271;yo;hey;;;;;;;
7272;yo;hey;;;;;;;
7273;yo;hey;;;;;;;
7274;yo;hey;;;;;;;
7275;yo;hey;;;;;;;
7276;yo;hey;;;;;;;
7277;yo;hey;;;;;;;
7278;yo;hey;;;;;;;
7279;yo;hey;;;;;;;
7280;yo;hey;;;;;;;
7281;yo;hey;;;;;;;
7282;yo;hey;;;;;;;
7283;yo;hey;;;;;;;
7284;yo;hey;;;;;;;
7285;yo;hey;;;;;;;
7286;yo;hey;;;;;;;
7287;yo;hey;;;;;;;
7288;yo;hey;;;;;;;
7289;yo;hey;;;;;;;
7290;yo;hey;;;;;;;
7291;yo;hey;;;;;;;
7292;yo;hey;;;;;;;
7293;yo;hey;;;;;;;
7294;yo;hey;;;;;;;
7295;yo;hey;;;;;;;
7296;yo;hey;;;;;;;
7297;yo;hey;;;;;;;
7298;yo;hey;;;;;;;
7299;yo;hey;;;;;;;
7300;yo;hey;;;;;;;
7301;yo;hey;;;;;;;
7302;yo;hey;;;;;;;
7303;yo;hey;;;;;;;
7304;yo;hey;;;;;;;
7305;yo;hey;;;;;;;
7306;yo;hey;;;;;;;
7307;yo;hey;;;;;;;
7308;yo;hey;;;;;;;
7309;yo;hey;;;;;;;
7310;yo;hey;;;;;;;
7311;yo;hey;;;;;;;
7312;yo;hey;;;;;;;
7313;yo;hey;;;;;;;
7314;yo;hey;;;;;;;
7315;yo;hey;;;;;;;
7316;yo;hey;;;;;;;
7317;yo;hey;;;;;;;
7318;yo;hey;;;;;;;
7319;yo;hey;;;;;;;
7320;yo;hey;;;;;;;
7321;yo;hey;;;;;;;
7322;yo;hey;;;;;;;
7323;yo;hey;;;;;;;
7324;yo;hey;;;;;;;
7325;yo;hey;;;;;;;
7326;yo;hey;;;;;;;
7327;yo;hey;;;;;;;
7328;yo;hey;;;;;;;
7329;yo;hey;;;;;;;
7330;yo;hey;;;;;;;
7331;yo;hey;;;;;;;
7332;yo;hey;;;;;;;
7333;yo;hey;;;;;;;
7334;yo;hey;;;;;;;
7335;yo;hey;;;;;;;
7336;yo;hey;;;;;;;
4937;yo;hey;;;;;;;
4938;yo;hey;;;;;;;
4939;yo;hey;;;;;;;
4940;yo;hey;;;;;;;
4941;yo;hey;;;;;;;
4942;yo;hey;;;;;;;
4943;yo;hey;;;;;;;
4944;yo;hey;;;;;;;
4945;yo;hey;;;;;;;
4946;yo;hey;;;;;;;
4947;yo;hey;;;;;;;
4948;yo;hey;;;;;;;
4949;yo;hey;;;;;;;
4950;yo;hey;;;;;;;
4951;yo;hey;;;;;;;
4952;yo;hey;;;;;;;
4953;yo;hey;;;;;;;
4954;yo;hey;;;;;;;
4955;yo;hey;;;;;;;
4956;yo;hey;;;;;;;
4957;yo;hey;;;;;;;
4958;yo;hey;;;;;;;
4959;yo;hey;;;;;;;
4960;yo;hey;;;;;;;
4961;yo;hey;;;;;;;
4962;yo;hey;;;;;;;
4963;yo;hey;;;;;;;
4964;yo;hey;;;;;;;
4965;yo;hey;;;;;;;
4966;yo;hey;;;;;;;
4967;yo;hey;;;;;;;
4968;yo;hey;;;;;;;
4969;yo;hey;;;;;;;
4970;yo;hey;;;;;;;
4971;yo;hey;;;;;;;
4972;yo;hey;;;;;;;
4973;yo;hey;;;;;;;
4974;yo;hey;;;;;;;
4975;yo;hey;;;;;;;
4976;yo;hey;;;;;;;
4977;yo;hey;;;;;;;
4978;yo;hey;;;;;;;
4979;yo;hey;;;;;;;
4980;yo;hey;;;;;;;
4981;yo;hey;;;;;;;
4982;yo;hey;;;;;;;
4983;yo;hey;;;;;;;
4984;yo;hey;;;;;;;
4985;yo;hey;;;;;;;
4986;yo;hey;;;;;;;
4987;yo;hey;;;;;;;
4988;yo;hey;;;;;;;
4989;yo;hey;;;;;;;
4990;yo;hey;;;;;;;
4991;yo;hey;;;;;;;
4992;yo;hey;;;;;;;
4993;yo;hey;;;;;;;
4994;yo;hey;;;;;;;
4995;yo;hey;;;;;;;
4996;yo;hey;;;;;;;
4997;yo;hey;;;;;;;
4998;yo;hey;;;;;;;
4999;yo;hey;;;;;;;
5000;yo;hey;;;;;;;
5001;yo;hey;;;;;;;
5002;yo;hey;;;;;;;
5003;yo;hey;;;;;;;
5004;yo;hey;;;;;;;
5005;yo;hey;;;;;;;
5006;yo;hey;;;;;;;
5007;yo;hey;;;;;;;
5008;yo;hey;;;;;;;
5009;yo;hey;;;;;;;
5010;yo;hey;;;;;;;
5011;yo;hey;;;;;;;
5012;yo;hey;;;;;;;
5013;yo;hey;;;;;;;
5014;yo;hey;;;;;;;
5015;yo;hey;;;;;;;
5016;yo;hey;;;;;;;
5017;yo;hey;;;;;;;
5018;yo;hey;;;;;;;
5019;yo;hey;;;;;;;
5020;yo;hey;;;;;;;
5021;yo;hey;;;;;;;
5022;yo;hey;;;;;;;
5023;yo;hey;;;;;;;
5024;yo;hey;;;;;;;
5025;yo;hey;;;;;;;
5026;yo;hey;;;;;;;
5027;yo;hey;;;;;;;
5028;yo;hey;;;;;;;
5029;yo;hey;;;;;;;
5030;yo;hey;;;;;;;
5031;yo;hey;;;;;;;
5032;yo;hey;;;;;;;
5033;yo;hey;;;;;;;
5034;yo;hey;;;;;;;
5035;yo;hey;;;;;;;
5036;yo;hey;;;;;;;
8137;yo;hey;;;;;;;
8138;yo;hey;;;;;;;
8139;yo;hey;;;;;;;
8140;yo;hey;;;;;;;
8141;yo;hey;;;;;;;
8142;yo;hey;;;;;;;
8143;yo;hey;;;;;;;
8144;yo;hey;;;;;;;
8145;yo;hey;;;;;;;
8146;yo;hey;;;;;;;
8147;yo;hey;;;;;;;
8148;yo;hey;;;;;;;
8149;yo;hey;;;;;;;
8150;yo;hey;;;;;;;
8151;yo;hey;;;;;;;
8152;yo;hey;;;;;;;
8153;yo;hey;;;;;;;
8154;yo;hey;;;;;;;
8155;yo;hey;;;;;;;
8156;yo;hey;;;;;;;
8157;yo;hey;;;;;;;
8158;yo;hey;;;;;;;
8159;yo;hey;;;;;;;
8160;yo;hey;;;;;;;
8161;yo;hey;;;;;;;
8162;yo;hey;;;;;;;
8163;yo;hey;;;;;;;
8164;yo;hey;;;;;;;
8165;yo;hey;;;;;;;
8166;yo;hey;;;;;;;
8167;yo;hey;;;;;;;
8168;yo;hey;;;;;;;
8169;yo;hey;;;;;;;
8170;yo;hey;;;;;;;
8171;yo;hey;;;;;;;
8172;yo;hey;;;;;;;
8173;yo;hey;;;;;;;
8174;yo;hey;;;;;;;
8175;yo;hey;;;;;;;
8176;yo;hey;;;;;;;
8177;yo;hey;;;;;;;
8178;yo;hey;;;;;;;
8179;yo;hey;;;;;;;
8180;yo;hey;;;;;;;
8181;yo;hey;;;;;;;
8182;yo;hey;;;;;;;
8183;yo;hey;;;;;;;
8184;yo;hey;;;;;;;
8185;yo;hey;;;;;;;
8186;yo;hey;;;;;;;
8187;yo;hey;;;;;;;
8188;yo;hey;;;;;;;
8189;yo;hey;;;;;;;
8190;yo;hey;;;;;;;
8191;yo;hey;;;;;;;
8192;yo;hey;;;;;;;
8193;yo;hey;;;;;;;
8194;yo;hey;;;;;;;
8195;yo;hey;;;;;;;
8196;yo;hey;;;;;;;
8197;yo;hey;;;;;;;
8198;yo;hey;;;;;;;
8199;yo;hey;;;;;;;
8200;yo;hey;;;;;;;
8201;yo;hey;;;;;;;
8202;yo;hey;;;;;;;
8203;yo;hey;;;;;;;
8204;yo;hey;;;;;;;
8205;yo;hey;;;;;;;
8206;yo;hey;;;;;;;
8207;yo;hey;;;;;;;
8208;yo;hey;;;;;;;
8209;yo;hey;;;;;;;
8210;yo;hey;;;;;;;
8211;yo;hey;;;;;;;
8212;yo;hey;;;;;;;
8213;yo;hey;;;;;;;
8214;yo;hey;;;;;;;
8215;yo;hey;;;;;;;
8216;yo;hey;;;;;;;
8217;yo;hey;;;;;;;
8218;yo;hey;;;;;;;
8219;yo;hey;;;;;;;
8220;yo;hey;;;;;;;
8221;yo;hey;;;;;;;
8222;yo;hey;;;;;;;
8223;yo;hey;;;;;;;
8224;yo;hey;;;;;;;
8225;yo;hey;;;;;;;
8226;yo;hey;;;;;;;
8227;yo;hey;;;;;;;
8228;yo;hey;;;;;;;
8229;yo;hey;;;;;;;
8230;yo;hey;;;;;;;
8231;yo;hey;;;;;;;
8232;yo;hey;;;;;;;
8233;yo;hey;;;;;;;
8234;yo;hey;;;;;;;
8235;yo;hey;;;;;;;
8236;yo;hey;;;;;;;
5837;yo;hey;;;;;;;
5838;yo;hey;;;;;;;
5839;yo;hey;;;;;;;
5840;yo;hey;;;;;;;
5841;yo;hey;;;;;;;
5842;yo;hey;;;;;;;
5843;yo;hey;;;;;;;
5844;yo;hey;;;;;;;
5845;yo;hey;;;;;;;
5846;yo;hey;;;;;;;
5847;yo;hey;;;;;;;
5848;yo;hey;;;;;;;
5849;yo;hey;;;;;;;
5850;yo;hey;;;;;;;
5851;yo;hey;;;;;;;
5852;yo;hey;;;;;;;
5853;yo;hey;;;;;;;
5854;yo;hey;;;;;;;
5855;yo;hey;;;;;;;
5856;yo;hey;;;;;;;
5857;yo;hey;;;;;;;
5858;yo;hey;;;;;;;
5859;yo;hey;;;;;;;
5860;yo;hey;;;;;;;
5861;yo;hey;;;;;;;
5862;yo;hey;;;;;;;
5863;yo;hey;;;;;;;
5864;yo;hey;;;;;;;
5865;yo;hey;;;;;;;
5866;yo;hey;;;;;;;
5867;yo;hey;;;;;;;
5868;yo;hey;;;;;;;
5869;yo;hey;;;;;;;
5870;yo;hey;;;;;;;
5871;yo;hey;;;;;;;
5872;yo;hey;;;;;;;
5873;yo;hey;;;;;;;
5874;yo;hey;;;;;;;
5875;yo;hey;;;;;;;
5876;yo;hey;;;;;;;
5877;yo;hey;;;;;;;
5878;yo;hey;;;;;;;
5879;yo;hey;;;;;;;
5880;yo;hey;;;;;;;
5881;yo;hey;;;;;;;
5882;yo;hey;;;;;;;
5883;yo;hey;;;;;;;
5884;yo;hey;;;;;;;
5885;yo;hey;;;;;;;
5886;yo;hey;;;;;;;
5887;yo;hey;;;;;;;
5888;yo;hey;;;;;;;
5889;yo;hey;;;;;;;
5890;yo;hey;;;;;;;
5891;yo;hey;;;;;;;
5892;yo;hey;;;;;;;
5893;yo;hey;;;;;;;
5894;yo;hey;;;;;;;
5895;yo;hey;;;;;;;
5896;yo;hey;;;;;;;
5897;yo;hey;;;;;;;
5898;yo;hey;;;;;;;
5899;yo;hey;;;;;;;
5900;yo;hey;;;;;;;
5901;yo;hey;;;;;;;
5902;yo;hey;;;;;;;
5903;yo;hey;;;;;;;
5904;yo;hey;;;;;;;
5905;yo;hey;;;;;;;
5906;yo;hey;;;;;;;
5907;yo;hey;;;;;;;
5908;yo;hey;;;;;;;
5909;yo;hey;;;;;;;
5910;yo;hey;;;;;;;
5911;yo;hey;;;;;;;
5912;yo;hey;;;;;;;
5913;yo;hey;;;;;;;
5914;yo;hey;;;;;;;
5915;yo;hey;;;;;;;
5916;yo;hey;;;;;;;
5917;yo;hey;;;;;;;
5918;yo;hey;;;;;;;
5919;yo;hey;;;;;;;
5920;yo;hey;;;;;;;
5921;yo;hey;;;;;;;
5922;yo;hey;;;;;;;
5923;yo;hey;;;;;;;
5924;yo;hey;;;;;;;
5925;yo;hey;;;;;;;
5926;yo;hey;;;;;;;
5927;yo;hey;;;;;;;
5928;yo;hey;;;;;;;
5929;yo;hey;;;;;;;
5930;yo;hey;;;;;;;
5931;yo;hey;;;;;;;
5932;yo;hey;;;;;;;
5933;yo;hey;;;;;;;
5934;yo;hey;;;;;;;
5935;yo;hey;;;;;;;
5936;yo;hey;;;;;;;
9037;yo;hey;;;;;;;
9038;yo;hey;;;;;;;
9039;yo;hey;;;;;;;
9040;yo;hey;;;;;;;
9041;yo;hey;;;;;;;
9042;yo;hey;;;;;;;
9043;yo;hey;;;;;;;
9044;yo;hey;;;;;;;
9045;yo;hey;;;;;;;
9046;yo;hey;;;;;;;
9047;yo;hey;;;;;;;
9048;yo;hey;;;;;;;
9049;yo;hey;;;;;;;
9050;yo;hey;;;;;;;
9051;yo;hey;;;;;;;
9052;yo;hey;;;;;;;
9053;yo;hey;;;;;;;
9054;yo;hey;;;;;;;
9055;yo;hey;;;;;;;
9056;yo;hey;;;;;;;
9057;yo;hey;;;;;;;
9058;yo;hey;;;;;;;
9059;yo;hey;;;;;;;
9060;yo;hey;;;;;;;
9061;yo;hey;;;;;;;
9062;yo;hey;;;;;;;
9063;yo;hey;;;;;;;
9064;yo;hey;;;;;;;
9065;yo;hey;;;;;;;
9066;yo;hey;;;;;;;
9067;yo;hey;;;;;;;
9068;yo;hey;;;;;;;
9069;yo;hey;;;;;;;
9070;yo;hey;;;;;;;
9071;yo;hey;;;;;;;
9072;yo;hey;;;;;;;
9073;yo;hey;;;;;;;
9074;yo;hey;;;;;;;
9075;yo;hey;;;;;;;
9076;yo;hey;;;;;;;
9077;yo;hey;;;;;;;
9078;yo;hey;;;;;;;
9079;yo;hey;;;;;;;
9080;yo;hey;;;;;;;
9081;yo;hey;;;;;;;
9082;yo;hey;;;;;;;
9083;yo;hey;;;;;;;
9084;yo;hey;;;;;;;
9085;yo;hey;;;;;;;
9086;yo;hey;;;;;;;
9087;yo;hey;;;;;;;
9088;yo;hey;;;;;;;
9089;yo;hey;;;;;;;
9090;yo;hey;;;;;;;
9091;yo;hey;;;;;;;
9092;yo;hey;;;;;;;
9093;yo;hey;;;;;;;
9094;yo;hey;;;;;;;
9095;yo;hey;;;;;;;
9096;yo;hey;;;;;;;
9097;yo;hey;;;;;;;
9098;yo;hey;;;;;;;
9099;yo;hey;;;;;;;
9100;yo;hey;;;;;;;
9101;yo;hey;;;;;;;
9102;yo;hey;;;;;;;
9103;yo;hey;;;;;;;
9104;yo;hey;;;;;;;
9105;yo;hey;;;;;;;
9106;yo;hey;;;;;;;
9107;yo;hey;;;;;;;
9108;yo;hey;;;;;;;
9109;yo;hey;;;;;;;
9110;yo;hey;;;;;;;
9111;yo;hey;;;;;;;
9112;yo;hey;;;;;;;
9113;yo;hey;;;;;;;
9114;yo;hey;;;;;;;
9115;yo;hey;;;;;;;
9116;yo;hey;;;;;;;
9117;yo;hey;;;;;;;
9118;yo;hey;;;;;;;
9119;yo;hey;;;;;;;
9120;yo;hey;;;;;;;
9121;yo;hey;;;;;;;
9122;yo;hey;;;;;;;
9123;yo;hey;;;;;;;
9124;yo;hey;;;;;;;
9125;yo;hey;;;;;;;
9126;yo;hey;;;;;;;
9127;yo;hey;;;;;;;
9128;yo;hey;;;;;;;
9129;yo;hey;;;;;;;
9130;yo;hey;;;;;;;
9131;yo;hey;;;;;;;
9132;yo;hey;;;;;;;
9133;yo;hey;;;;;;;
9134;yo;hey;;;;;;;
9135;yo;hey;;;;;;;
9136;yo;hey;;;;;;;
6737;yo;hey;;;;;;;
6738;yo;hey;;;;;;;
6739;yo;hey;;;;;;;
6740;yo;hey;;;;;;;
6741;yo;hey;;;;;;;
6742;yo;hey;;;;;;;
6743;yo;hey;;;;;;;
6744;yo;hey;;;;;;;
6745;yo;hey;;;;;;;
6746;yo;hey;;;;;;;
6747;yo;hey;;;;;;;
6748;yo;hey;;;;;;;
6749;yo;hey;;;;;;;
6750;yo;hey;;;;;;;
6751;yo;hey;;;;;;;
6752;yo;hey;;;;;;;
6753;yo;hey;;;;;;;
6754;yo;hey;;;;;;;
6755;yo;hey;;;;;;;
6756;yo;hey;;;;;;;
6757;yo;hey;;;;;;;
6758;yo;hey;;;;;;;
6759;yo;hey;;;;;;;
6760;yo;hey;;;;;;;
6761;yo;hey;;;;;;;
6762;yo;hey;;;;;;;
6763;yo;hey;;;;;;;
6764;yo;hey;;;;;;;
6765;yo;hey;;;;;;;
6766;yo;hey;;;;;;;
6767;yo;hey;;;;;;;
6768;yo;hey;;;;;;;
6769;yo;hey;;;;;;;
6770;yo;hey;;;;;;;
6771;yo;hey;;;;;;;
6772;yo;hey;;;;;;;
6773;yo;hey;;;;;;;
6774;yo;hey;;;;;;;
6775;yo;hey;;;;;;;
6776;yo;hey;;;;;;;
6777;yo;hey;;;;;;;
6778;yo;hey;;;;;;;
6779;yo;hey;;;;;;;
6780;yo;hey;;;;;;;
6781;yo;hey;;;;;;;
6782;yo;hey;;;;;;;
6783;yo;hey;;;;;;;
6784;yo;hey;;;;;;;
6785;yo;hey;;;;;;;
6786;yo;hey;;;;;;;
6787;yo;hey;;;;;;;
6788;yo;hey;;;;;;;
6789;yo;hey;;;;;;;
6790;yo;hey;;;;;;;
6791;yo;hey;;;;;;;
6792;yo;hey;;;;;;;
6793;yo;hey;;;;;;;
6794;yo;hey;;;;;;;
6795;yo;hey;;;;;;;
6796;yo;hey;;;;;;;
6797;yo;hey;;;;;;;
6798;yo;hey;;;;;;;
6799;yo;hey;;;;;;;
6800;yo;hey;;;;;;;
6801;yo;hey;;;;;;;
6802;yo;hey;;;;;;;
6803;yo;hey;;;;;;;
6804;yo;hey;;;;;;;
6805;yo;hey;;;;;;;
6806;yo;hey;;;;;;;
6807;yo;hey;;;;;;;
6808;yo;hey;;;;;;;
6809;yo;hey;;;;;;;
6810;yo;hey;;;;;;;
6811;yo;hey;;;;;;;
6812;yo;hey;;;;;;;
6813;yo;hey;;;;;;;
6814;yo;hey;;;;;;;
6815;yo;hey;;;;;;;
6816;yo;hey;;;;;;;
6817;yo;hey;;;;;;;
6818;yo;hey;;;;;;;
6819;yo;hey;;;;;;;
6820;yo;hey;;;;;;;
6821;yo;hey;;;;;;;
6822;yo;hey;;;;;;;
6823;yo;hey;;;;;;;
6824;yo;hey;;;;;;;
6825;yo;hey;;;;;;;
6826;yo;hey;;;;;;;
6827;yo;hey;;;;;;;
6828;yo;hey;;;;;;;
6829;yo;hey;;;;;;;
6830;yo;hey;;;;;;;
6831;yo;hey;;;;;;;
6832;yo;hey;;;;;;;
6833;yo;hey;;;;;;;
6834;yo;hey;;;;;;;
6835;yo;hey;;;;;;;
6836;yo;hey;;;;;;;
4437;yo;hey;;;;;;;
4438;yo;hey;;;;;;;
4439;yo;hey;;;;;;;
4440;yo;hey;;;;;;;
4441;yo;hey;;;;;;;
4442;yo;hey;;;;;;;
4443;yo;hey;;;;;;;
4444;yo;hey;;;;;;;
4445;yo;hey;;;;;;;
4446;yo;hey;;;;;;;
4447;yo;hey;;;;;;;
4448;yo;hey;;;;;;;
4449;yo;hey;;;;;;;
4450;yo;hey;;;;;;;
4451;yo;hey;;;;;;;
4452;yo;hey;;;;;;;
4453;yo;hey;;;;;;;
4454;yo;hey;;;;;;;
4455;yo;hey;;;;;;;
4456;yo;hey;;;;;;;
4457;yo;hey;;;;;;;
4458;yo;hey;;;;;;;
4459;yo;hey;;;;;;;
4460;yo;hey;;;;;;;
4461;yo;hey;;;;;;;
4462;yo;hey;;;;;;;
4463;yo;hey;;;;;;;
4464;yo;hey;;;;;;;
4465;yo;hey;;;;;;;
4466;yo;hey;;;;;;;
4467;yo;hey;;;;;;;
4468;yo;hey;;;;;;;
4469;yo;hey;;;;;;;
4470;yo;hey;;;;;;;
4471;yo;hey;;;;;;;
4472;yo;hey;;;;;;;
4473;yo;hey;;;;;;;
4474;yo;hey;;;;;;;
4475;yo;hey;;;;;;;
4476;yo;hey;;;;;;;
4477;yo;hey;;;;;;;
4478;yo;hey;;;;;;;
4479;yo;hey;;;;;;;
4480;yo;hey;;;;;;;
4481;yo;hey;;;;;;;
4482;yo;hey;;;;;;;
4483;yo;hey;;;;;;;
4484;yo;hey;;;;;;;
4485;yo;hey;;;;;;;
4486;yo;hey;;;;;;;
4487;yo;hey;;;;;;;
4488;yo;hey;;;;;;;
4489;yo;hey;;;;;;;
4490;yo;hey;;;;;;;
4491;yo;hey;;;;;;;
4492;yo;hey;;;;;;;
4493;yo;hey;;;;;;;
4494;yo;hey;;;;;;;
4495;yo;hey;;;;;;;
4496;yo;hey;;;;;;;
4497;yo;hey;;;;;;;
4498;yo;hey;;;;;;;
4499;yo;hey;;;;;;;
4500;yo;hey;;;;;;;
4501;yo;hey;;;;;;;
4502;yo;hey;;;;;;;
4503;yo;hey;;;;;;;
4504;yo;hey;;;;;;;
4505;yo;hey;;;;;;;
4506;yo;hey;;;;;;;
4507;yo;hey;;;;;;;
4508;yo;hey;;;;;;;
4509;yo;hey;;;;;;;
4510;yo;hey;;;;;;;
4511;yo;hey;;;;;;;
4512;yo;hey;;;;;;;
4513;yo;hey;;;;;;;
4514;yo;hey;;;;;;;
4515;yo;hey;;;;;;;
4516;yo;hey;;;;;;;
4517;yo;hey;;;;;;;
4518;yo;hey;;;;;;;
4519;yo;hey;;;;;;;
4520;yo;hey;;;;;;;
4521;yo;hey;;;;;;;
4522;yo;hey;;;;;;;
4523;yo;hey;;;;;;;
4524;yo;hey;;;;;;;
4525;yo;hey;;;;;;;
4526;yo;hey;;;;;;;
4527;yo;hey;;;;;;;
4528;yo;hey;;;;;;;
4529;yo;hey;;;;;;;
4530;yo;hey;;;;;;;
4531;yo;hey;;;;;;;
4532;yo;hey;;;;;;;
4533;yo;hey;;;;;;;
4534;yo;hey;;;;;;;
4535;yo;hey;;;;;;;
4536;yo;hey;;;;;;;
7637;yo;hey;;;;;;;
7638;yo;hey;;;;;;;
7639;yo;hey;;;;;;;
7640;yo;hey;;;;;;;
7641;yo;hey;;;;;;;
7642;yo;hey;;;;;;;
7643;yo;hey;;;;;;;
7644;yo;hey;;;;;;;
7645;yo;hey;;;;;;;
7646;yo;hey;;;;;;;
7647;yo;hey;;;;;;;
7648;yo;hey;;;;;;;
7649;yo;hey;;;;;;;
7650;yo;hey;;;;;;;
7651;yo;hey;;;;;;;
7652;yo;hey;;;;;;;
7653;yo;hey;;;;;;;
7654;yo;hey;;;;;;;
7655;yo;hey;;;;;;;
7656;yo;hey;;;;;;;
7657;yo;hey;;;;;;;
7658;yo;hey;;;;;;;
7659;yo;hey;;;;;;;
7660;yo;hey;;;;;;;
7661;yo;hey;;;;;;;
7662;yo;hey;;;;;;;
7663;yo;hey;;;;;;;
7664;yo;hey;;;;;;;
7665;yo;hey;;;;;;;
7666;yo;hey;;;;;;;
7667;yo;hey;;;;;;;
7668;yo;hey;;;;;;;
7669;yo;hey;;;;;;;
7670;yo;hey;;;;;;;
7671;yo;hey;;;;;;;
7672;yo;hey;;;;;;;
7673;yo;hey;;;;;;;
7674;yo;hey;;;;;;;
7675;yo;hey;;;;;;;
7676;yo;hey;;;;;;;
7677;yo;hey;;;;;;;
7678;yo;hey;;;;;;;
7679;yo;hey;;;;;;;
7680;yo;hey;;;;;;;
7681;yo;hey;;;;;;;
7682;yo;hey;;;;;;;
7683;yo;hey;;;;;;;
7684;yo;hey;;;;;;;
7685;yo;hey;;;;;;;
7686;yo;hey;;;;;;;
7687;yo;hey;;;;;;;
7688;yo;hey;;;;;;;
7689;yo;hey;;;;;;;
7690;yo;hey;;;;;;;
7691;yo;hey;;;;;;;
7692;yo;hey;;;;;;;
7693;yo;hey;;;;;;;
7694;yo;hey;;;;;;;
7695;yo;hey;;;;;;;
7696;yo;hey;;;;;;;
7697;yo;hey;;;;;;;
7698;yo;hey;;;;;;;
7699;yo;hey;;;;;;;
7700;yo;hey;;;;;;;
7701;yo;hey;;;;;;;
7702;yo;hey;;;;;;;
7703;yo;hey;;;;;;;
7704;yo;hey;;;;;;;
7705;yo;hey;;;;;;;
7706;yo;hey;;;;;;;
7707;yo;hey;;;;;;;
7708;yo;hey;;;;;;;
7709;yo;hey;;;;;;;
7710;yo;hey;;;;;;;
7711;yo;hey;;;;;;;
7712;yo;hey;;;;;;;
7713;yo;hey;;;;;;;
7714;yo;hey;;;;;;;
7715;yo;hey;;;;;;;
7716;yo;hey;;;;;;;
7717;yo;hey;;;;;;;
7718;yo;hey;;;;;;;
7719;yo;hey;;;;;;;
7720;yo;hey;;;;;;;
7721;yo;hey;;;;;;;
7722;yo;hey;;;;;;;
7723;yo;hey;;;;;;;
7724;yo;hey;;;;;;;
7725;yo;hey;;;;;;;
7726;yo;hey;;;;;;;
7727;yo;hey;;;;;;;
7728;yo;hey;;;;;;;
7729;yo;hey;;;;;;;
7730;yo;hey;;;;;;;
7731;yo;hey;;;;;;;
7732;yo;hey;;;;;;;
7733;yo;hey;;;;;;;
7734;yo;hey;;;;;;;
7735;yo;hey;;;;;;;
7736;yo;hey;;;;;;;
5337;yo;hey;;;;;;;
5338;yo;hey;;;;;;;
5339;yo;hey;;;;;;;
5340;yo;hey;;;;;;;
5341;yo;hey;;;;;;;
5342;yo;hey;;;;;;;
5343;yo;hey;;;;;;;
5344;yo;hey;;;;;;;
5345;yo;hey;;;;;;;
5346;yo;hey;;;;;;;
5347;yo;hey;;;;;;;
5348;yo;hey;;;;;;;
5349;yo;hey;;;;;;;
5350;yo;hey;;;;;;;
5351;yo;hey;;;;;;;
5352;yo;hey;;;;;;;
5353;yo;hey;;;;;;;
5354;yo;hey;;;;;;;
5355;yo;hey;;;;;;;
5356;yo;hey;;;;;;;
5357;yo;hey;;;;;;;
5358;yo;hey;;;;;;;
5359;yo;hey;;;;;;;
5360;yo;hey;;;;;;;
5361;yo;hey;;;;;;;
5362;yo;hey;;;;;;;
5363;yo;hey;;;;;;;
5364;yo;hey;;;;;;;
5365;yo;hey;;;;;;;
5366;yo;hey;;;;;;;
5367;yo;hey;;;;;;;
5368;yo;hey;;;;;;;
5369;yo;hey;;;;;;;
5370;yo;hey;;;;;;;
5371;yo;hey;;;;;;;
5372;yo;hey;;;;;;;
5373;yo;hey;;;;;;;
5374;yo;hey;;;;;;;
5375;yo;hey;;;;;;;
5376;yo;hey;;;;;;;
5377;yo;hey;;;;;;;
5378;yo;hey;;;;;;;
5379;yo;hey;;;;;;;
5380;yo;hey;;;;;;;
5381;yo;hey;;;;;;;
5382;yo;hey;;;;;;;
5383;yo;hey;;;;;;;
5384;yo;hey;;;;;;;
5385;yo;hey;;;;;;;
5386;yo;hey;;;;;;;
5387;yo;hey;;;;;;;
5388;yo;hey;;;;;;;
5389;yo;hey;;;;;;;
5390;yo;hey;;;;;;;
5391;yo;hey;;;;;;;
5392;yo;hey;;;;;;;
5393;yo;hey;;;;;;;
5394;yo;hey;;;;;;;
5395;yo;hey;;;;;;;
5396;yo;hey;;;;;;;
5397;yo;hey;;;;;;;
5398;yo;hey;;;;;;;
5399;yo;hey;;;;;;;
5400;yo;hey;;;;;;;
5401;yo;hey;;;;;;;
5402;yo;hey;;;;;;;
5403;yo;hey;;;;;;;
5404;yo;hey;;;;;;;
5405;yo;hey;;;;;;;
5406;yo;hey;;;;;;;
5407;yo;hey;;;;;;;
5408;yo;hey;;;;;;;
5409;yo;hey;;;;;;;
5410;yo;hey;;;;;;;
5411;yo;hey;;;;;;;
5412;yo;hey;;;;;;;
5413;yo;hey;;;;;;;
5414;yo;hey;;;;;;;
5415;yo;hey;;;;;;;
5416;yo;hey;;;;;;;
5417;yo;hey;;;;;;;
5418;yo;hey;;;;;;;
5419;yo;hey;;;;;;;
5420;yo;hey;;;;;;;
5421;yo;hey;;;;;;;
5422;yo;hey;;;;;;;
5423;yo;hey;;;;;;;
5424;yo;hey;;;;;;;
5425;yo;hey;;;;;;;
5426;yo;hey;;;;;;;
5427;yo;hey;;;;;;;
5428;yo;hey;;;;;;;
5429;yo;hey;;;;;;;
5430;yo;hey;;;;;;;
5431;yo;hey;;;;;;;
5432;yo;hey;;;;;;;
5433;yo;hey;;;;;;;
5434;yo;hey;;;;;;;
5435;yo;hey;;;;;;;
5436;yo;hey;;;;;;;
8537;yo;hey;;;;;;;
8538;yo;hey;;;;;;;
8539;yo;hey;;;;;;;
8540;yo;hey;;;;;;;
8541;yo;hey;;;;;;;
8542;yo;hey;;;;;;;
8543;yo;hey;;;;;;;
8544;yo;hey;;;;;;;
8545;yo;hey;;;;;;;
8546;yo;hey;;;;;;;
8547;yo;hey;;;;;;;
8548;yo;hey;;;;;;;
8549;yo;hey;;;;;;;
8550;yo;hey;;;;;;;
8551;yo;hey;;;;;;;
8552;yo;hey;;;;;;;
8553;yo;hey;;;;;;;
8554;yo;hey;;;;;;;
8555;yo;hey;;;;;;;
8556;yo;hey;;;;;;;
8557;yo;hey;;;;;;;
8558;yo;hey;;;;;;;
8559;yo;hey;;;;;;;
8560;yo;hey;;;;;;;
8561;yo;hey;;;;;;;
8562;yo;hey;;;;;;;
8563;yo;hey;;;;;;;
8564;yo;hey;;;;;;;
8565;yo;hey;;;;;;;
8566;yo;hey;;;;;;;
8567;yo;hey;;;;;;;
8568;yo;hey;;;;;;;
8569;yo;hey;;;;;;;
8570;yo;hey;;;;;;;
8571;yo;hey;;;;;;;
8572;yo;hey;;;;;;;
8573;yo;hey;;;;;;;
8574;yo;hey;;;;;;;
8575;yo;hey;;;;;;;
8576;yo;hey;;;;;;;
8577;yo;hey;;;;;;;
8578;yo;hey;;;;;;;
8579;yo;hey;;;;;;;
8580;yo;hey;;;;;;;
8581;yo;hey;;;;;;;
8582;yo;hey;;;;;;;
8583;yo;hey;;;;;;;
8584;yo;hey;;;;;;;
8585;yo;hey;;;;;;;
8586;yo;hey;;;;;;;
8587;yo;hey;;;;;;;
8588;yo;hey;;;;;;;
8589;yo;hey;;;;;;;
8590;yo;hey;;;;;;;
8591;yo;hey;;;;;;;
8592;yo;hey;;;;;;;
8593;yo;hey;;;;;;;
8594;yo;hey;;;;;;;
8595;yo;hey;;;;;;;
8596;yo;hey;;;;;;;
8597;yo;hey;;;;;;;
8598;yo;hey;;;;;;;
8599;yo;hey;;;;;;;
8600;yo;hey;;;;;;;
8601;yo;hey;;;;;;;
8602;yo;hey;;;;;;;
8603;yo;hey;;;;;;;
8604;yo;hey;;;;;;;
8605;yo;hey;;;;;;;
8606;yo;hey;;;;;;;
8607;yo;hey;;;;;;;
8608;yo;hey;;;;;;;
8609;yo;hey;;;;;;;
8610;yo;hey;;;;;;;
8611;yo;hey;;;;;;;
8612;yo;hey;;;;;;;
8613;yo;hey;;;;;;;
8614;yo;hey;;;;;;;
8615;yo;hey;;;;;;;
8616;yo;hey;;;;;;;
8617;yo;hey;;;;;;;
8618;yo;hey;;;;;;;
8619;yo;hey;;;;;;;
8620;yo;hey;;;;;;;
8621;yo;hey;;;;;;;
8622;yo;hey;;;;;;;
8623;yo;hey;;;;;;;
8624;yo;hey;;;;;;;
8625;yo;hey;;;;;;;
8626;yo;hey;;;;;;;
8627;yo;hey;;;;;;;
8628;yo;hey;;;;;;;
8629;yo;hey;;;;;;;
8630;yo;hey;;;;;;;
8631;yo;hey;;;;;;;
8632;yo;hey;;;;;;;
8633;yo;hey;;;;;;;
8634;yo;hey;;;;;;;
8635;yo;hey;;;;;;;
8636;yo;hey;;;;;;;
6237;yo;hey;;;;;;;
6238;yo;hey;;;;;;;
6239;yo;hey;;;;;;;
6240;yo;hey;;;;;;;
6241;yo;hey;;;;;;;
6242;yo;hey;;;;;;;
6243;yo;hey;;;;;;;
6244;yo;hey;;;;;;;
6245;yo;hey;;;;;;;
6246;yo;hey;;;;;;;
6247;yo;hey;;;;;;;
6248;yo;hey;;;;;;;
6249;yo;hey;;;;;;;
6250;yo;hey;;;;;;;
6251;yo;hey;;;;;;;
6252;yo;hey;;;;;;;
6253;yo;hey;;;;;;;
6254;yo;hey;;;;;;;
6255;yo;hey;;;;;;;
6256;yo;hey;;;;;;;
6257;yo;hey;;;;;;;
6258;yo;hey;;;;;;;
6259;yo;hey;;;;;;;
6260;yo;hey;;;;;;;
6261;yo;hey;;;;;;;
6262;yo;hey;;;;;;;
6263;yo;hey;;;;;;;
6264;yo;hey;;;;;;;
6265;yo;hey;;;;;;;
6266;yo;hey;;;;;;;
6267;yo;hey;;;;;;;
6268;yo;hey;;;;;;;
6269;yo;hey;;;;;;;
6270;yo;hey;;;;;;;
6271;yo;hey;;;;;;;
6272;yo;hey;;;;;;;
6273;yo;hey;;;;;;;
6274;yo;hey;;;;;;;
6275;yo;hey;;;;;;;
6276;yo;hey;;;;;;;
6277;yo;hey;;;;;;;
6278;yo;hey;;;;;;;
6279;yo;hey;;;;;;;
6280;yo;hey;;;;;;;
6281;yo;hey;;;;;;;
6282;yo;hey;;;;;;;
6283;yo;hey;;;;;;;
6284;yo;hey;;;;;;;
6285;yo;hey;;;;;;;
6286;yo;hey;;;;;;;
6287;yo;hey;;;;;;;
6288;yo;hey;;;;;;;
6289;yo;hey;;;;;;;
6290;yo;hey;;;;;;;
6291;yo;hey;;;;;;;
6292;yo;hey;;;;;;;
6293;yo;hey;;;;;;;
6294;yo;hey;;;;;;;
6295;yo;hey;;;;;;;
6296;yo;hey;;;;;;;
6297;yo;hey;;;;;;;
6298;yo;hey;;;;;;;
6299;yo;hey;;;;;;;
6300;yo;hey;;;;;;;
6301;yo;hey;;;;;;;
6302;yo;hey;;;;;;;
6303;yo;hey;;;;;;;
6304;yo;hey;;;;;;;
6305;yo;hey;;;;;;;
6306;yo;hey;;;;;;;
6307;yo;hey;;;;;;;
6308;yo;hey;;;;;;;
6309;yo;hey;;;;;;;
6310;yo;hey;;;;;;;
6311;yo;hey;;;;;;;
6312;yo;hey;;;;;;;
6313;yo;hey;;;;;;;
6314;yo;hey;;;;;;;
6315;yo;hey;;;;;;;
6316;yo;hey;;;;;;;
6317;yo;hey;;;;;;;
6318;yo;hey;;;;;;;
6319;yo;hey;;;;;;;
6320;yo;hey;;;;;;;
6321;yo;hey;;;;;;;
6322;yo;hey;;;;;;;
6323;yo;hey;;;;;;;
6324;yo;hey;;;;;;;
6325;yo;hey;;;;;;;
6326;yo;hey;;;;;;;
6327;yo;hey;;;;;;;
6328;yo;hey;;;;;;;
6329;yo;hey;;;;;;;
6330;yo;hey;;;;;;;
6331;yo;hey;;;;;;;
6332;yo;hey;;;;;;;
6333;yo;hey;;;;;;;
6334;yo;hey;;;;;;;
6335;yo;hey;;;;;;;
6336;yo;hey;;;;;;;
7137;yo;hey;;;;;;;
7138;yo;hey;;;;;;;
7139;yo;hey;;;;;;;
7140;yo;hey;;;;;;;
7141;yo;hey;;;;;;;
7142;yo;hey;;;;;;;
7143;yo;hey;;;;;;;
7144;yo;hey;;;;;;;
7145;yo;hey;;;;;;;
7146;yo;hey;;;;;;;
7147;yo;hey;;;;;;;
7148;yo;hey;;;;;;;
7149;yo;hey;;;;;;;
7150;yo;hey;;;;;;;
7151;yo;hey;;;;;;;
7152;yo;hey;;;;;;;
7153;yo;hey;;;;;;;
7154;yo;hey;;;;;;;
7155;yo;hey;;;;;;;
7156;yo;hey;;;;;;;
7157;yo;hey;;;;;;;
7158;yo;hey;;;;;;;
7159;yo;hey;;;;;;;
7160;yo;hey;;;;;;;
7161;yo;hey;;;;;;;
7162;yo;hey;;;;;;;
7163;yo;hey;;;;;;;
7164;yo;hey;;;;;;;
7165;yo;hey;;;;;;;
7166;yo;hey;;;;;;;
7167;yo;hey;;;;;;;
7168;yo;hey;;;;;;;
7169;yo;hey;;;;;;;
7170;yo;hey;;;;;;;
7171;yo;hey;;;;;;;
7172;yo;hey;;;;;;;
7173;yo;hey;;;;;;;
7174;yo;hey;;;;;;;
7175;yo;hey;;;;;;;
7176;yo;hey;;;;;;;
7177;yo;hey;;;;;;;
7178;yo;hey;;;;;;;
7179;yo;hey;;;;;;;
7180;yo;hey;;;;;;;
7181;yo;hey;;;;;;;
7182;yo;hey;;;;;;;
7183;yo;hey;;;;;;;
7184;yo;hey;;;;;;;
7185;yo;hey;;;;;;;
7186;yo;hey;;;;;;;
7187;yo;hey;;;;;;;
7188;yo;hey;;;;;;;
7189;yo;hey;;;;;;;
7190;yo;hey;;;;;;;
7191;yo;hey;;;;;;;
7192;yo;hey;;;;;;;
7193;yo;hey;;;;;;;
7194;yo;hey;;;;;;;
7195;yo;hey;;;;;;;
7196;yo;hey;;;;;;;
7197;yo;hey;;;;;;;
7198;yo;hey;;;;;;;
7199;yo;hey;;;;;;;
7200;yo;hey;;;;;;;
7201;yo;hey;;;;;;;
7202;yo;hey;;;;;;;
7203;yo;hey;;;;;;;
7204;yo;hey;;;;;;;
7205;yo;hey;;;;;;;
7206;yo;hey;;;;;;;
7207;yo;hey;;;;;;;
7208;yo;hey;;;;;;;
7209;yo;hey;;;;;;;
7210;yo;hey;;;;;;;
7211;yo;hey;;;;;;;
7212;yo;hey;;;;;;;
7213;yo;hey;;;;;;;
7214;yo;hey;;;;;;;
7215;yo;hey;;;;;;;
7216;yo;hey;;;;;;;
7217;yo;hey;;;;;;;
7218;yo;hey;;;;;;;
7219;yo;hey;;;;;;;
7220;yo;hey;;;;;;;
7221;yo;hey;;;;;;;
7222;yo;hey;;;;;;;
7223;yo;hey;;;;;;;
7224;yo;hey;;;;;;;
7225;yo;hey;;;;;;;
7226;yo;hey;;;;;;;
7227;yo;hey;;;;;;;
7228;yo;hey;;;;;;;
7229;yo;hey;;;;;;;
7230;yo;hey;;;;;;;
7231;yo;hey;;;;;;;
7232;yo;hey;;;;;;;
7233;yo;hey;;;;;;;
7234;yo;hey;;;;;;;
7235;yo;hey;;;;;;;
7236;yo;hey;;;;;;;
4837;yo;hey;;;;;;;
4838;yo;hey;;;;;;;
4839;yo;hey;;;;;;;
4840;yo;hey;;;;;;;
4841;yo;hey;;;;;;;
4842;yo;hey;;;;;;;
4843;yo;hey;;;;;;;
4844;yo;hey;;;;;;;
4845;yo;hey;;;;;;;
4846;yo;hey;;;;;;;
4847;yo;hey;;;;;;;
4848;yo;hey;;;;;;;
4849;yo;hey;;;;;;;
4850;yo;hey;;;;;;;
4851;yo;hey;;;;;;;
4852;yo;hey;;;;;;;
4853;yo;hey;;;;;;;
4854;yo;hey;;;;;;;
4855;yo;hey;;;;;;;
4856;yo;hey;;;;;;;
4857;yo;hey;;;;;;;
4858;yo;hey;;;;;;;
4859;yo;hey;;;;;;;
4860;yo;hey;;;;;;;
4861;yo;hey;;;;;;;
4862;yo;hey;;;;;;;
4863;yo;hey;;;;;;;
4864;yo;hey;;;;;;;
4865;yo;hey;;;;;;;
4866;yo;hey;;;;;;;
4867;yo;hey;;;;;;;
4868;yo;hey;;;;;;;
4869;yo;hey;;;;;;;
4870;yo;hey;;;;;;;
4871;yo;hey;;;;;;;
4872;yo;hey;;;;;;;
4873;yo;hey;;;;;;;
4874;yo;hey;;;;;;;
4875;yo;hey;;;;;;;
4876;yo;hey;;;;;;;
4877;yo;hey;;;;;;;
4878;yo;hey;;;;;;;
4879;yo;hey;;;;;;;
4880;yo;hey;;;;;;;
4881;yo;hey;;;;;;;
4882;yo;hey;;;;;;;
4883;yo;hey;;;;;;;
4884;yo;hey;;;;;;;
4885;yo;hey;;;;;;;
4886;yo;hey;;;;;;;
4887;yo;hey;;;;;;;
4888;yo;hey;;;;;;;
4889;yo;hey;;;;;;;
4890;yo;hey;;;;;;;
4891;yo;hey;;;;;;;
4892;yo;hey;;;;;;;
4893;yo;hey;;;;;;;
4894;yo;hey;;;;;;;
4895;yo;hey;;;;;;;
4896;yo;hey;;;;;;;
4897;yo;hey;;;;;;;
4898;yo;hey;;;;;;;
4899;yo;hey;;;;;;;
4900;yo;hey;;;;;;;
4901;yo;hey;;;;;;;
4902;yo;hey;;;;;;;
4903;yo;hey;;;;;;;
4904;yo;hey;;;;;;;
4905;yo;hey;;;;;;;
4906;yo;hey;;;;;;;
4907;yo;hey;;;;;;;
4908;yo;hey;;;;;;;
4909;yo;hey;;;;;;;
4910;yo;hey;;;;;;;
4911;yo;hey;;;;;;;
4912;yo;hey;;;;;;;
4913;yo;hey;;;;;;;
4914;yo;hey;;;;;;;
4915;yo;hey;;;;;;;
4916;yo;hey;;;;;;;
4917;yo;hey;;;;;;;
4918;yo;hey;;;;;;;
4919;yo;hey;;;;;;;
4920;yo;hey;;;;;;;
4921;yo;hey;;;;;;;
4922;yo;hey;;;;;;;
4923;yo;hey;;;;;;;
4924;yo;hey;;;;;;;
4925;yo;hey;;;;;;;
4926;yo;hey;;;;;;;
4927;yo;hey;;;;;;;
4928;yo;hey;;;;;;;
4929;yo;hey;;;;;;;
4930;yo;hey;;;;;;;
4931;yo;hey;;;;;;;
4932;yo;hey;;;;;;;
4933;yo;hey;;;;;;;
4934;yo;hey;;;;;;;
4935;yo;hey;;;;;;;
4936;yo;hey;;;;;;;
8037;yo;hey;;;;;;;
8038;yo;hey;;;;;;;
8039;yo;hey;;;;;;;
8040;yo;hey;;;;;;;
8041;yo;hey;;;;;;;
8042;yo;hey;;;;;;;
8043;yo;hey;;;;;;;
8044;yo;hey;;;;;;;
8045;yo;hey;;;;;;;
8046;yo;hey;;;;;;;
8047;yo;hey;;;;;;;
8048;yo;hey;;;;;;;
8049;yo;hey;;;;;;;
8050;yo;hey;;;;;;;
8051;yo;hey;;;;;;;
8052;yo;hey;;;;;;;
8053;yo;hey;;;;;;;
8054;yo;hey;;;;;;;
8055;yo;hey;;;;;;;
8056;yo;hey;;;;;;;
8057;yo;hey;;;;;;;
8058;yo;hey;;;;;;;
8059;yo;hey;;;;;;;
8060;yo;hey;;;;;;;
8061;yo;hey;;;;;;;
8062;yo;hey;;;;;;;
8063;yo;hey;;;;;;;
8064;yo;hey;;;;;;;
8065;yo;hey;;;;;;;
8066;yo;hey;;;;;;;
8067;yo;hey;;;;;;;
8068;yo;hey;;;;;;;
8069;yo;hey;;;;;;;
8070;yo;hey;;;;;;;
8071;yo;hey;;;;;;;
8072;yo;hey;;;;;;;
8073;yo;hey;;;;;;;
8074;yo;hey;;;;;;;
8075;yo;hey;;;;;;;
8076;yo;hey;;;;;;;
8077;yo;hey;;;;;;;
8078;yo;hey;;;;;;;
8079;yo;hey;;;;;;;
8080;yo;hey;;;;;;;
8081;yo;hey;;;;;;;
8082;yo;hey;;;;;;;
8083;yo;hey;;;;;;;
8084;yo;hey;;;;;;;
8085;yo;hey;;;;;;;
8086;yo;hey;;;;;;;
8087;yo;hey;;;;;;;
8088;yo;hey;;;;;;;
8089;yo;hey;;;;;;;
8090;yo;hey;;;;;;;
8091;yo;hey;;;;;;;
8092;yo;hey;;;;;;;
8093;yo;hey;;;;;;;
8094;yo;hey;;;;;;;
8095;yo;hey;;;;;;;
8096;yo;hey;;;;;;;
8097;yo;hey;;;;;;;
8098;yo;hey;;;;;;;
8099;yo;hey;;;;;;;
8100;yo;hey;;;;;;;
8101;yo;hey;;;;;;;
8102;yo;hey;;;;;;;
8103;yo;hey;;;;;;;
8104;yo;hey;;;;;;;
8105;yo;hey;;;;;;;
8106;yo;hey;;;;;;;
8107;yo;hey;;;;;;;
8108;yo;hey;;;;;;;
8109;yo;hey;;;;;;;
8110;yo;hey;;;;;;;
8111;yo;hey;;;;;;;
8112;yo;hey;;;;;;;
8113;yo;hey;;;;;;;
8114;yo;hey;;;;;;;
8115;yo;hey;;;;;;;
8116;yo;hey;;;;;;;
8117;yo;hey;;;;;;;
8118;yo;hey;;;;;;;
8119;yo;hey;;;;;;;
8120;yo;hey;;;;;;;
8121;yo;hey;;;;;;;
8122;yo;hey;;;;;;;
8123;yo;hey;;;;;;;
8124;yo;hey;;;;;;;
8125;yo;hey;;;;;;;
8126;yo;hey;;;;;;;
8127;yo;hey;;;;;;;
8128;yo;hey;;;;;;;
8129;yo;hey;;;;;;;
8130;yo;hey;;;;;;;
8131;yo;hey;;;;;;;
8132;yo;hey;;;;;;;
8133;yo;hey;;;;;;;
8134;yo;hey;;;;;;;
8135;yo;hey;;;;;;;
8136;yo;hey;;;;;;;
5737;yo;hey;;;;;;;
5738;yo;hey;;;;;;;
5739;yo;hey;;;;;;;
5740;yo;hey;;;;;;;
5741;yo;hey;;;;;;;
5742;yo;hey;;;;;;;
5743;yo;hey;;;;;;;
5744;yo;hey;;;;;;;
5745;yo;hey;;;;;;;
5746;yo;hey;;;;;;;
5747;yo;hey;;;;;;;
5748;yo;hey;;;;;;;
5749;yo;hey;;;;;;;
5750;yo;hey;;;;;;;
5751;yo;hey;;;;;;;
5752;yo;hey;;;;;;;
5753;yo;hey;;;;;;;
5754;yo;hey;;;;;;;
5755;yo;hey;;;;;;;
5756;yo;hey;;;;;;;
5757;yo;hey;;;;;;;
5758;yo;hey;;;;;;;
5759;yo;hey;;;;;;;
5760;yo;hey;;;;;;;
5761;yo;hey;;;;;;;
5762;yo;hey;;;;;;;
5763;yo;hey;;;;;;;
5764;yo;hey;;;;;;;
5765;yo;hey;;;;;;;
5766;yo;hey;;;;;;;
5767;yo;hey;;;;;;;
5768;yo;hey;;;;;;;
5769;yo;hey;;;;;;;
5770;yo;hey;;;;;;;
5771;yo;hey;;;;;;;
5772;yo;hey;;;;;;;
5773;yo;hey;;;;;;;
5774;yo;hey;;;;;;;
5775;yo;hey;;;;;;;
5776;yo;hey;;;;;;;
5777;yo;hey;;;;;;;
5778;yo;hey;;;;;;;
5779;yo;hey;;;;;;;
5780;yo;hey;;;;;;;
5781;yo;hey;;;;;;;
5782;yo;hey;;;;;;;
5783;yo;hey;;;;;;;
5784;yo;hey;;;;;;;
5785;yo;hey;;;;;;;
5786;yo;hey;;;;;;;
5787;yo;hey;;;;;;;
5788;yo;hey;;;;;;;
5789;yo;hey;;;;;;;
5790;yo;hey;;;;;;;
5791;yo;hey;;;;;;;
5792;yo;hey;;;;;;;
5793;yo;hey;;;;;;;
5794;yo;hey;;;;;;;
5795;yo;hey;;;;;;;
5796;yo;hey;;;;;;;
5797;yo;hey;;;;;;;
5798;yo;hey;;;;;;;
5799;yo;hey;;;;;;;
5800;yo;hey;;;;;;;
5801;yo;hey;;;;;;;
5802;yo;hey;;;;;;;
5803;yo;hey;;;;;;;
5804;yo;hey;;;;;;;
5805;yo;hey;;;;;;;
5806;yo;hey;;;;;;;
5807;yo;hey;;;;;;;
5808;yo;hey;;;;;;;
5809;yo;hey;;;;;;;
5810;yo;hey;;;;;;;
5811;yo;hey;;;;;;;
5812;yo;hey;;;;;;;
5813;yo;hey;;;;;;;
5814;yo;hey;;;;;;;
5815;yo;hey;;;;;;;
5816;yo;hey;;;;;;;
5817;yo;hey;;;;;;;
5818;yo;hey;;;;;;;
5819;yo;hey;;;;;;;
5820;yo;hey;;;;;;;
5821;yo;hey;;;;;;;
5822;yo;hey;;;;;;;
5823;yo;hey;;;;;;;
5824;yo;hey;;;;;;;
5825;yo;hey;;;;;;;
5826;yo;hey;;;;;;;
5827;yo;hey;;;;;;;
5828;yo;hey;;;;;;;
5829;yo;hey;;;;;;;
5830;yo;hey;;;;;;;
5831;yo;hey;;;;;;;
5832;yo;hey;;;;;;;
5833;yo;hey;;;;;;;
5834;yo;hey;;;;;;;
5835;yo;hey;;;;;;;
5836;yo;hey;;;;;;;
8937;yo;hey;;;;;;;
8938;yo;hey;;;;;;;
8939;yo;hey;;;;;;;
8940;yo;hey;;;;;;;
8941;yo;hey;;;;;;;
8942;yo;hey;;;;;;;
8943;yo;hey;;;;;;;
8944;yo;hey;;;;;;;
8945;yo;hey;;;;;;;
8946;yo;hey;;;;;;;
8947;yo;hey;;;;;;;
8948;yo;hey;;;;;;;
8949;yo;hey;;;;;;;
8950;yo;hey;;;;;;;
8951;yo;hey;;;;;;;
8952;yo;hey;;;;;;;
8953;yo;hey;;;;;;;
8954;yo;hey;;;;;;;
8955;yo;hey;;;;;;;
8956;yo;hey;;;;;;;
8957;yo;hey;;;;;;;
8958;yo;hey;;;;;;;
8959;yo;hey;;;;;;;
8960;yo;hey;;;;;;;
8961;yo;hey;;;;;;;
8962;yo;hey;;;;;;;
8963;yo;hey;;;;;;;
8964;yo;hey;;;;;;;
8965;yo;hey;;;;;;;
8966;yo;hey;;;;;;;
8967;yo;hey;;;;;;;
8968;yo;hey;;;;;;;
8969;yo;hey;;;;;;;
8970;yo;hey;;;;;;;
8971;yo;hey;;;;;;;
8972;yo;hey;;;;;;;
8973;yo;hey;;;;;;;
8974;yo;hey;;;;;;;
8975;yo;hey;;;;;;;
8976;yo;hey;;;;;;;
8977;yo;hey;;;;;;;
8978;yo;hey;;;;;;;
8979;yo;hey;;;;;;;
8980;yo;hey;;;;;;;
8981;yo;hey;;;;;;;
8982;yo;hey;;;;;;;
8983;yo;hey;;;;;;;
8984;yo;hey;;;;;;;
8985;yo;hey;;;;;;;
8986;yo;hey;;;;;;;
8987;yo;hey;;;;;;;
8988;yo;hey;;;;;;;
8989;yo;hey;;;;;;;
8990;yo;hey;;;;;;;
8991;yo;hey;;;;;;;
8992;yo;hey;;;;;;;
8993;yo;hey;;;;;;;
8994;yo;hey;;;;;;;
8995;yo;hey;;;;;;;
8996;yo;hey;;;;;;;
8997;yo;hey;;;;;;;
8998;yo;hey;;;;;;;
8999;yo;hey;;;;;;;
9000;yo;hey;;;;;;;
9001;yo;hey;;;;;;;
9002;yo;hey;;;;;;;
9003;yo;hey;;;;;;;
9004;yo;hey;;;;;;;
9005;yo;hey;;;;;;;
9006;yo;hey;;;;;;;
9007;yo;hey;;;;;;;
9008;yo;hey;;;;;;;
9009;yo;hey;;;;;;;
9010;yo;hey;;;;;;;
9011;yo;hey;;;;;;;
9012;yo;hey;;;;;;;
9013;yo;hey;;;;;;;
9014;yo;hey;;;;;;;
9015;yo;hey;;;;;;;
9016;yo;hey;;;;;;;
9017;yo;hey;;;;;;;
9018;yo;hey;;;;;;;
9019;yo;hey;;;;;;;
9020;yo;hey;;;;;;;
9021;yo;hey;;;;;;;
9022;yo;hey;;;;;;;
9023;yo;hey;;;;;;;
9024;yo;hey;;;;;;;
9025;yo;hey;;;;;;;
9026;yo;hey;;;;;;;
9027;yo;hey;;;;;;;
9028;yo;hey;;;;;;;
9029;yo;hey;;;;;;;
9030;yo;hey;;;;;;;
9031;yo;hey;;;;;;;
9032;yo;hey;;;;;;;
9033;yo;hey;;;;;;;
9034;yo;hey;;;;;;;
9035;yo;hey;;;;;;;
9036;yo;hey;;;;;;;
6637;yo;hey;;;;;;;
6638;yo;hey;;;;;;;
6639;yo;hey;;;;;;;
6640;yo;hey;;;;;;;
6641;yo;hey;;;;;;;
6642;yo;hey;;;;;;;
6643;yo;hey;;;;;;;
6644;yo;hey;;;;;;;
6645;yo;hey;;;;;;;
6646;yo;hey;;;;;;;
6647;yo;hey;;;;;;;
6648;yo;hey;;;;;;;
6649;yo;hey;;;;;;;
6650;yo;hey;;;;;;;
6651;yo;hey;;;;;;;
6652;yo;hey;;;;;;;
6653;yo;hey;;;;;;;
6654;yo;hey;;;;;;;
6655;yo;hey;;;;;;;
6656;yo;hey;;;;;;;
6657;yo;hey;;;;;;;
6658;yo;hey;;;;;;;
6659;yo;hey;;;;;;;
6660;yo;hey;;;;;;;
6661;yo;hey;;;;;;;
6662;yo;hey;;;;;;;
6663;yo;hey;;;;;;;
6664;yo;hey;;;;;;;
6665;yo;hey;;;;;;;
6666;yo;hey;;;;;;;
6667;yo;hey;;;;;;;
6668;yo;hey;;;;;;;
6669;yo;hey;;;;;;;
6670;yo;hey;;;;;;;
6671;yo;hey;;;;;;;
6672;yo;hey;;;;;;;
6673;yo;hey;;;;;;;
6674;yo;hey;;;;;;;
6675;yo;hey;;;;;;;
6676;yo;hey;;;;;;;
6677;yo;hey;;;;;;;
6678;yo;hey;;;;;;;
6679;yo;hey;;;;;;;
6680;yo;hey;;;;;;;
6681;yo;hey;;;;;;;
6682;yo;hey;;;;;;;
6683;yo;hey;;;;;;;
6684;yo;hey;;;;;;;
6685;yo;hey;;;;;;;
6686;yo;hey;;;;;;;
6687;yo;hey;;;;;;;
6688;yo;hey;;;;;;;
6689;yo;hey;;;;;;;
6690;yo;hey;;;;;;;
6691;yo;hey;;;;;;;
6692;yo;hey;;;;;;;
6693;yo;hey;;;;;;;
6694;yo;hey;;;;;;;
6695;yo;hey;;;;;;;
6696;yo;hey;;;;;;;
6697;yo;hey;;;;;;;
6698;yo;hey;;;;;;;
6699;yo;hey;;;;;;;
6700;yo;hey;;;;;;;
6701;yo;hey;;;;;;;
6702;yo;hey;;;;;;;
6703;yo;hey;;;;;;;
6704;yo;hey;;;;;;;
6705;yo;hey;;;;;;;
6706;yo;hey;;;;;;;
6707;yo;hey;;;;;;;
6708;yo;hey;;;;;;;
6709;yo;hey;;;;;;;
6710;yo;hey;;;;;;;
6711;yo;hey;;;;;;;
6712;yo;hey;;;;;;;
6713;yo;hey;;;;;;;
6714;yo;hey;;;;;;;
6715;yo;hey;;;;;;;
6716;yo;hey;;;;;;;
6717;yo;hey;;;;;;;
6718;yo;hey;;;;;;;
6719;yo;hey;;;;;;;
6720;yo;hey;;;;;;;
6721;yo;hey;;;;;;;
6722;yo;hey;;;;;;;
6723;yo;hey;;;;;;;
6724;yo;hey;;;;;;;
6725;yo;hey;;;;;;;
6726;yo;hey;;;;;;;
6727;yo;hey;;;;;;;
6728;yo;hey;;;;;;;
6729;yo;hey;;;;;;;
6730;yo;hey;;;;;;;
6731;yo;hey;;;;;;;
6732;yo;hey;;;;;;;
6733;yo;hey;;;;;;;
6734;yo;hey;;;;;;;
6735;yo;hey;;;;;;;
6736;yo;hey;;;;;;;
4337;yo;hey;;;;;;;
4338;yo;hey;;;;;;;
4339;yo;hey;;;;;;;
4340;yo;hey;;;;;;;
4341;yo;hey;;;;;;;
4342;yo;hey;;;;;;;
4343;yo;hey;;;;;;;
4344;yo;hey;;;;;;;
4345;yo;hey;;;;;;;
4346;yo;hey;;;;;;;
4347;yo;hey;;;;;;;
4348;yo;hey;;;;;;;
4349;yo;hey;;;;;;;
4350;yo;hey;;;;;;;
4351;yo;hey;;;;;;;
4352;yo;hey;;;;;;;
4353;yo;hey;;;;;;;
4354;yo;hey;;;;;;;
4355;yo;hey;;;;;;;
4356;yo;hey;;;;;;;
4357;yo;hey;;;;;;;
4358;yo;hey;;;;;;;
4359;yo;hey;;;;;;;
4360;yo;hey;;;;;;;
4361;yo;hey;;;;;;;
4362;yo;hey;;;;;;;
4363;yo;hey;;;;;;;
4364;yo;hey;;;;;;;
4365;yo;hey;;;;;;;
4366;yo;hey;;;;;;;
4367;yo;hey;;;;;;;
4368;yo;hey;;;;;;;
4369;yo;hey;;;;;;;
4370;yo;hey;;;;;;;
4371;yo;hey;;;;;;;
4372;yo;hey;;;;;;;
4373;yo;hey;;;;;;;
4374;yo;hey;;;;;;;
4375;yo;hey;;;;;;;
4376;yo;hey;;;;;;;
4377;yo;hey;;;;;;;
4378;yo;hey;;;;;;;
4379;yo;hey;;;;;;;
4380;yo;hey;;;;;;;
4381;yo;hey;;;;;;;
4382;yo;hey;;;;;;;
4383;yo;hey;;;;;;;
4384;yo;hey;;;;;;;
4385;yo;hey;;;;;;;
4386;yo;hey;;;;;;;
4387;yo;hey;;;;;;;
4388;yo;hey;;;;;;;
4389;yo;hey;;;;;;;
4390;yo;hey;;;;;;;
4391;yo;hey;;;;;;;
4392;yo;hey;;;;;;;
4393;yo;hey;;;;;;;
4394;yo;hey;;;;;;;
4395;yo;hey;;;;;;;
4396;yo;hey;;;;;;;
4397;yo;hey;;;;;;;
4398;yo;hey;;;;;;;
4399;yo;hey;;;;;;;
4400;yo;hey;;;;;;;
4401;yo;hey;;;;;;;
4402;yo;hey;;;;;;;
4403;yo;hey;;;;;;;
4404;yo;hey;;;;;;;
4405;yo;hey;;;;;;;
4406;yo;hey;;;;;;;
4407;yo;hey;;;;;;;
4408;yo;hey;;;;;;;
4409;yo;hey;;;;;;;
4410;yo;hey;;;;;;;
4411;yo;hey;;;;;;;
4412;yo;hey;;;;;;;
4413;yo;hey;;;;;;;
4414;yo;hey;;;;;;;
4415;yo;hey;;;;;;;
4416;yo;hey;;;;;;;
4417;yo;hey;;;;;;;
4418;yo;hey;;;;;;;
4419;yo;hey;;;;;;;
4420;yo;hey;;;;;;;
4421;yo;hey;;;;;;;
4422;yo;hey;;;;;;;
4423;yo;hey;;;;;;;
4424;yo;hey;;;;;;;
4425;yo;hey;;;;;;;
4426;yo;hey;;;;;;;
4427;yo;hey;;;;;;;
4428;yo;hey;;;;;;;
4429;yo;hey;;;;;;;
4430;yo;hey;;;;;;;
4431;yo;hey;;;;;;;
4432;yo;hey;;;;;;;
4433;yo;hey;;;;;;;
4434;yo;hey;;;;;;;
4435;yo;hey;;;;;;;
4436;yo;hey;;;;;;;
7537;yo;hey;;;;;;;
7538;yo;hey;;;;;;;
7539;yo;hey;;;;;;;
7540;yo;hey;;;;;;;
7541;yo;hey;;;;;;;
7542;yo;hey;;;;;;;
7543;yo;hey;;;;;;;
7544;yo;hey;;;;;;;
7545;yo;hey;;;;;;;
7546;yo;hey;;;;;;;
7547;yo;hey;;;;;;;
7548;yo;hey;;;;;;;
7549;yo;hey;;;;;;;
7550;yo;hey;;;;;;;
7551;yo;hey;;;;;;;
7552;yo;hey;;;;;;;
7553;yo;hey;;;;;;;
7554;yo;hey;;;;;;;
7555;yo;hey;;;;;;;
7556;yo;hey;;;;;;;
7557;yo;hey;;;;;;;
7558;yo;hey;;;;;;;
7559;yo;hey;;;;;;;
7560;yo;hey;;;;;;;
7561;yo;hey;;;;;;;
7562;yo;hey;;;;;;;
7563;yo;hey;;;;;;;
7564;yo;hey;;;;;;;
7565;yo;hey;;;;;;;
7566;yo;hey;;;;;;;
7567;yo;hey;;;;;;;
7568;yo;hey;;;;;;;
7569;yo;hey;;;;;;;
7570;yo;hey;;;;;;;
7571;yo;hey;;;;;;;
7572;yo;hey;;;;;;;
7573;yo;hey;;;;;;;
7574;yo;hey;;;;;;;
7575;yo;hey;;;;;;;
7576;yo;hey;;;;;;;
7577;yo;hey;;;;;;;
7578;yo;hey;;;;;;;
7579;yo;hey;;;;;;;
7580;yo;hey;;;;;;;
7581;yo;hey;;;;;;;
7582;yo;hey;;;;;;;
7583;yo;hey;;;;;;;
7584;yo;hey;;;;;;;
7585;yo;hey;;;;;;;
7586;yo;hey;;;;;;;
7587;yo;hey;;;;;;;
7588;yo;hey;;;;;;;
7589;yo;hey;;;;;;;
7590;yo;hey;;;;;;;
7591;yo;hey;;;;;;;
7592;yo;hey;;;;;;;
7593;yo;hey;;;;;;;
7594;yo;hey;;;;;;;
7595;yo;hey;;;;;;;
7596;yo;hey;;;;;;;
7597;yo;hey;;;;;;;
7598;yo;hey;;;;;;;
7599;yo;hey;;;;;;;
7600;yo;hey;;;;;;;
7601;yo;hey;;;;;;;
7602;yo;hey;;;;;;;
7603;yo;hey;;;;;;;
7604;yo;hey;;;;;;;
7605;yo;hey;;;;;;;
7606;yo;hey;;;;;;;
7607;yo;hey;;;;;;;
7608;yo;hey;;;;;;;
7609;yo;hey;;;;;;;
7610;yo;hey;;;;;;;
7611;yo;hey;;;;;;;
7612;yo;hey;;;;;;;
7613;yo;hey;;;;;;;
7614;yo;hey;;;;;;;
7615;yo;hey;;;;;;;
7616;yo;hey;;;;;;;
7617;yo;hey;;;;;;;
7618;yo;hey;;;;;;;
7619;yo;hey;;;;;;;
7620;yo;hey;;;;;;;
7621;yo;hey;;;;;;;
7622;yo;hey;;;;;;;
7623;yo;hey;;;;;;;
7624;yo;hey;;;;;;;
7625;yo;hey;;;;;;;
7626;yo;hey;;;;;;;
7627;yo;hey;;;;;;;
7628;yo;hey;;;;;;;
7629;yo;hey;;;;;;;
7630;yo;hey;;;;;;;
7631;yo;hey;;;;;;;
7632;yo;hey;;;;;;;
7633;yo;hey;;;;;;;
7634;yo;hey;;;;;;;
7635;yo;hey;;;;;;;
7636;yo;hey;;;;;;;
5237;yo;hey;;;;;;;
5238;yo;hey;;;;;;;
5239;yo;hey;;;;;;;
5240;yo;hey;;;;;;;
5241;yo;hey;;;;;;;
5242;yo;hey;;;;;;;
5243;yo;hey;;;;;;;
5244;yo;hey;;;;;;;
5245;yo;hey;;;;;;;
5246;yo;hey;;;;;;;
5247;yo;hey;;;;;;;
5248;yo;hey;;;;;;;
5249;yo;hey;;;;;;;
5250;yo;hey;;;;;;;
5251;yo;hey;;;;;;;
5252;yo;hey;;;;;;;
5253;yo;hey;;;;;;;
5254;yo;hey;;;;;;;
5255;yo;hey;;;;;;;
5256;yo;hey;;;;;;;
5257;yo;hey;;;;;;;
5258;yo;hey;;;;;;;
5259;yo;hey;;;;;;;
5260;yo;hey;;;;;;;
5261;yo;hey;;;;;;;
5262;yo;hey;;;;;;;
5263;yo;hey;;;;;;;
5264;yo;hey;;;;;;;
5265;yo;hey;;;;;;;
5266;yo;hey;;;;;;;
5267;yo;hey;;;;;;;
5268;yo;hey;;;;;;;
5269;yo;hey;;;;;;;
5270;yo;hey;;;;;;;
5271;yo;hey;;;;;;;
5272;yo;hey;;;;;;;
5273;yo;hey;;;;;;;
5274;yo;hey;;;;;;;
5275;yo;hey;;;;;;;
5276;yo;hey;;;;;;;
5277;yo;hey;;;;;;;
5278;yo;hey;;;;;;;
5279;yo;hey;;;;;;;
5280;yo;hey;;;;;;;
5281;yo;hey;;;;;;;
5282;yo;hey;;;;;;;
5283;yo;hey;;;;;;;
5284;yo;hey;;;;;;;
5285;yo;hey;;;;;;;
5286;yo;hey;;;;;;;
5287;yo;hey;;;;;;;
5288;yo;hey;;;;;;;
5289;yo;hey;;;;;;;
5290;yo;hey;;;;;;;
5291;yo;hey;;;;;;;
5292;yo;hey;;;;;;;
5293;yo;hey;;;;;;;
5294;yo;hey;;;;;;;
5295;yo;hey;;;;;;;
5296;yo;hey;;;;;;;
5297;yo;hey;;;;;;;
5298;yo;hey;;;;;;;
5299;yo;hey;;;;;;;
5300;yo;hey;;;;;;;
5301;yo;hey;;;;;;;
5302;yo;hey;;;;;;;
5303;yo;hey;;;;;;;
5304;yo;hey;;;;;;;
5305;yo;hey;;;;;;;
5306;yo;hey;;;;;;;
5307;yo;hey;;;;;;;
5308;yo;hey;;;;;;;
5309;yo;hey;;;;;;;
5310;yo;hey;;;;;;;
5311;yo;hey;;;;;;;
5312;yo;hey;;;;;;;
5313;yo;hey;;;;;;;
5314;yo;hey;;;;;;;
5315;yo;hey;;;;;;;
5316;yo;hey;;;;;;;
5317;yo;hey;;;;;;;
5318;yo;hey;;;;;;;
5319;yo;hey;;;;;;;
5320;yo;hey;;;;;;;
5321;yo;hey;;;;;;;
5322;yo;hey;;;;;;;
5323;yo;hey;;;;;;;
5324;yo;hey;;;;;;;
5325;yo;hey;;;;;;;
5326;yo;hey;;;;;;;
5327;yo;hey;;;;;;;
5328;yo;hey;;;;;;;
5329;yo;hey;;;;;;;
5330;yo;hey;;;;;;;
5331;yo;hey;;;;;;;
5332;yo;hey;;;;;;;
5333;yo;hey;;;;;;;
5334;yo;hey;;;;;;;
5335;yo;hey;;;;;;;
5336;yo;hey;;;;;;;
8437;yo;hey;;;;;;;
8438;yo;hey;;;;;;;
8439;yo;hey;;;;;;;
8440;yo;hey;;;;;;;
8441;yo;hey;;;;;;;
8442;yo;hey;;;;;;;
8443;yo;hey;;;;;;;
8444;yo;hey;;;;;;;
8445;yo;hey;;;;;;;
8446;yo;hey;;;;;;;
8447;yo;hey;;;;;;;
8448;yo;hey;;;;;;;
8449;yo;hey;;;;;;;
8450;yo;hey;;;;;;;
8451;yo;hey;;;;;;;
8452;yo;hey;;;;;;;
8453;yo;hey;;;;;;;
8454;yo;hey;;;;;;;
8455;yo;hey;;;;;;;
8456;yo;hey;;;;;;;
8457;yo;hey;;;;;;;
8458;yo;hey;;;;;;;
8459;yo;hey;;;;;;;
8460;yo;hey;;;;;;;
8461;yo;hey;;;;;;;
8462;yo;hey;;;;;;;
8463;yo;hey;;;;;;;
8464;yo;hey;;;;;;;
8465;yo;hey;;;;;;;
8466;yo;hey;;;;;;;
8467;yo;hey;;;;;;;
8468;yo;hey;;;;;;;
8469;yo;hey;;;;;;;
8470;yo;hey;;;;;;;
8471;yo;hey;;;;;;;
8472;yo;hey;;;;;;;
8473;yo;hey;;;;;;;
8474;yo;hey;;;;;;;
8475;yo;hey;;;;;;;
8476;yo;hey;;;;;;;
8477;yo;hey;;;;;;;
8478;yo;hey;;;;;;;
8479;yo;hey;;;;;;;
8480;yo;hey;;;;;;;
8481;yo;hey;;;;;;;
8482;yo;hey;;;;;;;
8483;yo;hey;;;;;;;
8484;yo;hey;;;;;;;
8485;yo;hey;;;;;;;
8486;yo;hey;;;;;;;
8487;yo;hey;;;;;;;
8488;yo;hey;;;;;;;
8489;yo;hey;;;;;;;
8490;yo;hey;;;;;;;
8491;yo;hey;;;;;;;
8492;yo;hey;;;;;;;
8493;yo;hey;;;;;;;
8494;yo;hey;;;;;;;
8495;yo;hey;;;;;;;
8496;yo;hey;;;;;;;
8497;yo;hey;;;;;;;
8498;yo;hey;;;;;;;
8499;yo;hey;;;;;;;
8500;yo;hey;;;;;;;
8501;yo;hey;;;;;;;
8502;yo;hey;;;;;;;
8503;yo;hey;;;;;;;
8504;yo;hey;;;;;;;
8505;yo;hey;;;;;;;
8506;yo;hey;;;;;;;
8507;yo;hey;;;;;;;
8508;yo;hey;;;;;;;
8509;yo;hey;;;;;;;
8510;yo;hey;;;;;;;
8511;yo;hey;;;;;;;
8512;yo;hey;;;;;;;
8513;yo;hey;;;;;;;
8514;yo;hey;;;;;;;
8515;yo;hey;;;;;;;
8516;yo;hey;;;;;;;
8517;yo;hey;;;;;;;
8518;yo;hey;;;;;;;
8519;yo;hey;;;;;;;
8520;yo;hey;;;;;;;
8521;yo;hey;;;;;;;
8522;yo;hey;;;;;;;
8523;yo;hey;;;;;;;
8524;yo;hey;;;;;;;
8525;yo;hey;;;;;;;
8526;yo;hey;;;;;;;
8527;yo;hey;;;;;;;
8528;yo;hey;;;;;;;
8529;yo;hey;;;;;;;
8530;yo;hey;;;;;;;
8531;yo;hey;;;;;;;
8532;yo;hey;;;;;;;
8533;yo;hey;;;;;;;
8534;yo;hey;;;;;;;
8535;yo;hey;;;;;;;
8536;yo;hey;;;;;;;
6137;yo;hey;;;;;;;
6138;yo;hey;;;;;;;
6139;yo;hey;;;;;;;
6140;yo;hey;;;;;;;
6141;yo;hey;;;;;;;
6142;yo;hey;;;;;;;
6143;yo;hey;;;;;;;
6144;yo;hey;;;;;;;
6145;yo;hey;;;;;;;
6146;yo;hey;;;;;;;
6147;yo;hey;;;;;;;
6148;yo;hey;;;;;;;
6149;yo;hey;;;;;;;
6150;yo;hey;;;;;;;
6151;yo;hey;;;;;;;
6152;yo;hey;;;;;;;
6153;yo;hey;;;;;;;
6154;yo;hey;;;;;;;
6155;yo;hey;;;;;;;
6156;yo;hey;;;;;;;
6157;yo;hey;;;;;;;
6158;yo;hey;;;;;;;
6159;yo;hey;;;;;;;
6160;yo;hey;;;;;;;
6161;yo;hey;;;;;;;
6162;yo;hey;;;;;;;
6163;yo;hey;;;;;;;
6164;yo;hey;;;;;;;
6165;yo;hey;;;;;;;
6166;yo;hey;;;;;;;
6167;yo;hey;;;;;;;
6168;yo;hey;;;;;;;
6169;yo;hey;;;;;;;
6170;yo;hey;;;;;;;
6171;yo;hey;;;;;;;
6172;yo;hey;;;;;;;
6173;yo;hey;;;;;;;
6174;yo;hey;;;;;;;
6175;yo;hey;;;;;;;
6176;yo;hey;;;;;;;
6177;yo;hey;;;;;;;
6178;yo;hey;;;;;;;
6179;yo;hey;;;;;;;
6180;yo;hey;;;;;;;
6181;yo;hey;;;;;;;
6182;yo;hey;;;;;;;
6183;yo;hey;;;;;;;
6184;yo;hey;;;;;;;
6185;yo;hey;;;;;;;
6186;yo;hey;;;;;;;
6187;yo;hey;;;;;;;
6188;yo;hey;;;;;;;
6189;yo;hey;;;;;;;
6190;yo;hey;;;;;;;
6191;yo;hey;;;;;;;
6192;yo;hey;;;;;;;
6193;yo;hey;;;;;;;
6194;yo;hey;;;;;;;
6195;yo;hey;;;;;;;
6196;yo;hey;;;;;;;
6197;yo;hey;;;;;;;
6198;yo;hey;;;;;;;
6199;yo;hey;;;;;;;
6200;yo;hey;;;;;;;
6201;yo;hey;;;;;;;
6202;yo;hey;;;;;;;
6203;yo;hey;;;;;;;
6204;yo;hey;;;;;;;
6205;yo;hey;;;;;;;
6206;yo;hey;;;;;;;
6207;yo;hey;;;;;;;
6208;yo;hey;;;;;;;
6209;yo;hey;;;;;;;
6210;yo;hey;;;;;;;
6211;yo;hey;;;;;;;
6212;yo;hey;;;;;;;
6213;yo;hey;;;;;;;
6214;yo;hey;;;;;;;
6215;yo;hey;;;;;;;
6216;yo;hey;;;;;;;
6217;yo;hey;;;;;;;
6218;yo;hey;;;;;;;
6219;yo;hey;;;;;;;
6220;yo;hey;;;;;;;
6221;yo;hey;;;;;;;
6222;yo;hey;;;;;;;
6223;yo;hey;;;;;;;
6224;yo;hey;;;;;;;
6225;yo;hey;;;;;;;
6226;yo;hey;;;;;;;
6227;yo;hey;;;;;;;
6228;yo;hey;;;;;;;
6229;yo;hey;;;;;;;
6230;yo;hey;;;;;;;
6231;yo;hey;;;;;;;
6232;yo;hey;;;;;;;
6233;yo;hey;;;;;;;
6234;yo;hey;;;;;;;
6235;yo;hey;;;;;;;
6236;yo;hey;;;;;;;
7037;yo;hey;;;;;;;
7038;yo;hey;;;;;;;
7039;yo;hey;;;;;;;
7040;yo;hey;;;;;;;
7041;yo;hey;;;;;;;
7042;yo;hey;;;;;;;
7043;yo;hey;;;;;;;
7044;yo;hey;;;;;;;
7045;yo;hey;;;;;;;
7046;yo;hey;;;;;;;
7047;yo;hey;;;;;;;
7048;yo;hey;;;;;;;
7049;yo;hey;;;;;;;
7050;yo;hey;;;;;;;
7051;yo;hey;;;;;;;
7052;yo;hey;;;;;;;
7053;yo;hey;;;;;;;
7054;yo;hey;;;;;;;
7055;yo;hey;;;;;;;
7056;yo;hey;;;;;;;
7057;yo;hey;;;;;;;
7058;yo;hey;;;;;;;
7059;yo;hey;;;;;;;
7060;yo;hey;;;;;;;
7061;yo;hey;;;;;;;
7062;yo;hey;;;;;;;
7063;yo;hey;;;;;;;
7064;yo;hey;;;;;;;
7065;yo;hey;;;;;;;
7066;yo;hey;;;;;;;
7067;yo;hey;;;;;;;
7068;yo;hey;;;;;;;
7069;yo;hey;;;;;;;
7070;yo;hey;;;;;;;
7071;yo;hey;;;;;;;
7072;yo;hey;;;;;;;
7073;yo;hey;;;;;;;
7074;yo;hey;;;;;;;
7075;yo;hey;;;;;;;
7076;yo;hey;;;;;;;
7077;yo;hey;;;;;;;
7078;yo;hey;;;;;;;
7079;yo;hey;;;;;;;
7080;yo;hey;;;;;;;
7081;yo;hey;;;;;;;
7082;yo;hey;;;;;;;
7083;yo;hey;;;;;;;
7084;yo;hey;;;;;;;
7085;yo;hey;;;;;;;
7086;yo;hey;;;;;;;
7087;yo;hey;;;;;;;
7088;yo;hey;;;;;;;
7089;yo;hey;;;;;;;
7090;yo;hey;;;;;;;
7091;yo;hey;;;;;;;
7092;yo;hey;;;;;;;
7093;yo;hey;;;;;;;
7094;yo;hey;;;;;;;
7095;yo;hey;;;;;;;
7096;yo;hey;;;;;;;
7097;yo;hey;;;;;;;
7098;yo;hey;;;;;;;
7099;yo;hey;;;;;;;
7100;yo;hey;;;;;;;
7101;yo;hey;;;;;;;
7102;yo;hey;;;;;;;
7103;yo;hey;;;;;;;
7104;yo;hey;;;;;;;
7105;yo;hey;;;;;;;
7106;yo;hey;;;;;;;
7107;yo;hey;;;;;;;
7108;yo;hey;;;;;;;
7109;yo;hey;;;;;;;
7110;yo;hey;;;;;;;
7111;yo;hey;;;;;;;
7112;yo;hey;;;;;;;
7113;yo;hey;;;;;;;
7114;yo;hey;;;;;;;
7115;yo;hey;;;;;;;
7116;yo;hey;;;;;;;
7117;yo;hey;;;;;;;
7118;yo;hey;;;;;;;
7119;yo;hey;;;;;;;
7120;yo;hey;;;;;;;
7121;yo;hey;;;;;;;
7122;yo;hey;;;;;;;
7123;yo;hey;;;;;;;
7124;yo;hey;;;;;;;
7125;yo;hey;;;;;;;
7126;yo;hey;;;;;;;
7127;yo;hey;;;;;;;
7128;yo;hey;;;;;;;
7129;yo;hey;;;;;;;
7130;yo;hey;;;;;;;
7131;yo;hey;;;;;;;
7132;yo;hey;;;;;;;
7133;yo;hey;;;;;;;
7134;yo;hey;;;;;;;
7135;yo;hey;;;;;;;
7136;yo;hey;;;;;;;
4737;yo;hey;;;;;;;
4738;yo;hey;;;;;;;
4739;yo;hey;;;;;;;
4740;yo;hey;;;;;;;
4741;yo;hey;;;;;;;
4742;yo;hey;;;;;;;
4743;yo;hey;;;;;;;
4744;yo;hey;;;;;;;
4745;yo;hey;;;;;;;
4746;yo;hey;;;;;;;
4747;yo;hey;;;;;;;
4748;yo;hey;;;;;;;
4749;yo;hey;;;;;;;
4750;yo;hey;;;;;;;
4751;yo;hey;;;;;;;
4752;yo;hey;;;;;;;
4753;yo;hey;;;;;;;
4754;yo;hey;;;;;;;
4755;yo;hey;;;;;;;
4756;yo;hey;;;;;;;
4757;yo;hey;;;;;;;
4758;yo;hey;;;;;;;
4759;yo;hey;;;;;;;
4760;yo;hey;;;;;;;
4761;yo;hey;;;;;;;
4762;yo;hey;;;;;;;
4763;yo;hey;;;;;;;
4764;yo;hey;;;;;;;
4765;yo;hey;;;;;;;
4766;yo;hey;;;;;;;
4767;yo;hey;;;;;;;
4768;yo;hey;;;;;;;
4769;yo;hey;;;;;;;
4770;yo;hey;;;;;;;
4771;yo;hey;;;;;;;
4772;yo;hey;;;;;;;
4773;yo;hey;;;;;;;
4774;yo;hey;;;;;;;
4775;yo;hey;;;;;;;
4776;yo;hey;;;;;;;
4777;yo;hey;;;;;;;
4778;yo;hey;;;;;;;
4779;yo;hey;;;;;;;
4780;yo;hey;;;;;;;
4781;yo;hey;;;;;;;
4782;yo;hey;;;;;;;
4783;yo;hey;;;;;;;
4784;yo;hey;;;;;;;
4785;yo;hey;;;;;;;
4786;yo;hey;;;;;;;
4787;yo;hey;;;;;;;
4788;yo;hey;;;;;;;
4789;yo;hey;;;;;;;
4790;yo;hey;;;;;;;
4791;yo;hey;;;;;;;
4792;yo;hey;;;;;;;
4793;yo;hey;;;;;;;
4794;yo;hey;;;;;;;
4795;yo;hey;;;;;;;
4796;yo;hey;;;;;;;
4797;yo;hey;;;;;;;
4798;yo;hey;;;;;;;
4799;yo;hey;;;;;;;
4800;yo;hey;;;;;;;
4801;yo;hey;;;;;;;
4802;yo;hey;;;;;;;
4803;yo;hey;;;;;;;
4804;yo;hey;;;;;;;
4805;yo;hey;;;;;;;
4806;yo;hey;;;;;;;
4807;yo;hey;;;;;;;
4808;yo;hey;;;;;;;
4809;yo;hey;;;;;;;
4810;yo;hey;;;;;;;
4811;yo;hey;;;;;;;
4812;yo;hey;;;;;;;
4813;yo;hey;;;;;;;
4814;yo;hey;;;;;;;
4815;yo;hey;;;;;;;
4816;yo;hey;;;;;;;
4817;yo;hey;;;;;;;
4818;yo;hey;;;;;;;
4819;yo;hey;;;;;;;
4820;yo;hey;;;;;;;
4821;yo;hey;;;;;;;
4822;yo;hey;;;;;;;
4823;yo;hey;;;;;;;
4824;yo;hey;;;;;;;
4825;yo;hey;;;;;;;
4826;yo;hey;;;;;;;
4827;yo;hey;;;;;;;
4828;yo;hey;;;;;;;
4829;yo;hey;;;;;;;
4830;yo;hey;;;;;;;
4831;yo;hey;;;;;;;
4832;yo;hey;;;;;;;
4833;yo;hey;;;;;;;
4834;yo;hey;;;;;;;
4835;yo;hey;;;;;;;
4836;yo;hey;;;;;;;
7937;yo;hey;;;;;;;
7938;yo;hey;;;;;;;
7939;yo;hey;;;;;;;
7940;yo;hey;;;;;;;
7941;yo;hey;;;;;;;
7942;yo;hey;;;;;;;
7943;yo;hey;;;;;;;
7944;yo;hey;;;;;;;
7945;yo;hey;;;;;;;
7946;yo;hey;;;;;;;
7947;yo;hey;;;;;;;
7948;yo;hey;;;;;;;
7949;yo;hey;;;;;;;
7950;yo;hey;;;;;;;
7951;yo;hey;;;;;;;
7952;yo;hey;;;;;;;
7953;yo;hey;;;;;;;
7954;yo;hey;;;;;;;
7955;yo;hey;;;;;;;
7956;yo;hey;;;;;;;
7957;yo;hey;;;;;;;
7958;yo;hey;;;;;;;
7959;yo;hey;;;;;;;
7960;yo;hey;;;;;;;
7961;yo;hey;;;;;;;
7962;yo;hey;;;;;;;
7963;yo;hey;;;;;;;
7964;yo;hey;;;;;;;
7965;yo;hey;;;;;;;
7966;yo;hey;;;;;;;
7967;yo;hey;;;;;;;
7968;yo;hey;;;;;;;
7969;yo;hey;;;;;;;
7970;yo;hey;;;;;;;
7971;yo;hey;;;;;;;
7972;yo;hey;;;;;;;
7973;yo;hey;;;;;;;
7974;yo;hey;;;;;;;
7975;yo;hey;;;;;;;
7976;yo;hey;;;;;;;
7977;yo;hey;;;;;;;
7978;yo;hey;;;;;;;
7979;yo;hey;;;;;;;
7980;yo;hey;;;;;;;
7981;yo;hey;;;;;;;
7982;yo;hey;;;;;;;
7983;yo;hey;;;;;;;
7984;yo;hey;;;;;;;
7985;yo;hey;;;;;;;
7986;yo;hey;;;;;;;
7987;yo;hey;;;;;;;
7988;yo;hey;;;;;;;
7989;yo;hey;;;;;;;
7990;yo;hey;;;;;;;
7991;yo;hey;;;;;;;
7992;yo;hey;;;;;;;
7993;yo;hey;;;;;;;
7994;yo;hey;;;;;;;
7995;yo;hey;;;;;;;
7996;yo;hey;;;;;;;
7997;yo;hey;;;;;;;
7998;yo;hey;;;;;;;
7999;yo;hey;;;;;;;
8000;yo;hey;;;;;;;
8001;yo;hey;;;;;;;
8002;yo;hey;;;;;;;
8003;yo;hey;;;;;;;
8004;yo;hey;;;;;;;
8005;yo;hey;;;;;;;
8006;yo;hey;;;;;;;
8007;yo;hey;;;;;;;
8008;yo;hey;;;;;;;
8009;yo;hey;;;;;;;
8010;yo;hey;;;;;;;
8011;yo;hey;;;;;;;
8012;yo;hey;;;;;;;
8013;yo;hey;;;;;;;
8014;yo;hey;;;;;;;
8015;yo;hey;;;;;;;
8016;yo;hey;;;;;;;
8017;yo;hey;;;;;;;
8018;yo;hey;;;;;;;
8019;yo;hey;;;;;;;
8020;yo;hey;;;;;;;
8021;yo;hey;;;;;;;
8022;yo;hey;;;;;;;
8023;yo;hey;;;;;;;
8024;yo;hey;;;;;;;
8025;yo;hey;;;;;;;
8026;yo;hey;;;;;;;
8027;yo;hey;;;;;;;
8028;yo;hey;;;;;;;
8029;yo;hey;;;;;;;
8030;yo;hey;;;;;;;
8031;yo;hey;;;;;;;
8032;yo;hey;;;;;;;
8033;yo;hey;;;;;;;
8034;yo;hey;;;;;;;
8035;yo;hey;;;;;;;
8036;yo;hey;;;;;;;
5637;yo;hey;;;;;;;
5638;yo;hey;;;;;;;
5639;yo;hey;;;;;;;
5640;yo;hey;;;;;;;
5641;yo;hey;;;;;;;
5642;yo;hey;;;;;;;
5643;yo;hey;;;;;;;
5644;yo;hey;;;;;;;
5645;yo;hey;;;;;;;
5646;yo;hey;;;;;;;
5647;yo;hey;;;;;;;
5648;yo;hey;;;;;;;
5649;yo;hey;;;;;;;
5650;yo;hey;;;;;;;
5651;yo;hey;;;;;;;
5652;yo;hey;;;;;;;
5653;yo;hey;;;;;;;
5654;yo;hey;;;;;;;
5655;yo;hey;;;;;;;
5656;yo;hey;;;;;;;
5657;yo;hey;;;;;;;
5658;yo;hey;;;;;;;
5659;yo;hey;;;;;;;
5660;yo;hey;;;;;;;
5661;yo;hey;;;;;;;
5662;yo;hey;;;;;;;
5663;yo;hey;;;;;;;
5664;yo;hey;;;;;;;
5665;yo;hey;;;;;;;
5666;yo;hey;;;;;;;
5667;yo;hey;;;;;;;
5668;yo;hey;;;;;;;
5669;yo;hey;;;;;;;
5670;yo;hey;;;;;;;
5671;yo;hey;;;;;;;
5672;yo;hey;;;;;;;
5673;yo;hey;;;;;;;
5674;yo;hey;;;;;;;
5675;yo;hey;;;;;;;
5676;yo;hey;;;;;;;
5677;yo;hey;;;;;;;
5678;yo;hey;;;;;;;
5679;yo;hey;;;;;;;
5680;yo;hey;;;;;;;
5681;yo;hey;;;;;;;
5682;yo;hey;;;;;;;
5683;yo;hey;;;;;;;
5684;yo;hey;;;;;;;
5685;yo;hey;;;;;;;
5686;yo;hey;;;;;;;
5687;yo;hey;;;;;;;
5688;yo;hey;;;;;;;
5689;yo;hey;;;;;;;
5690;yo;hey;;;;;;;
5691;yo;hey;;;;;;;
5692;yo;hey;;;;;;;
5693;yo;hey;;;;;;;
5694;yo;hey;;;;;;;
5695;yo;hey;;;;;;;
5696;yo;hey;;;;;;;
5697;yo;hey;;;;;;;
5698;yo;hey;;;;;;;
5699;yo;hey;;;;;;;
5700;yo;hey;;;;;;;
5701;yo;hey;;;;;;;
5702;yo;hey;;;;;;;
5703;yo;hey;;;;;;;
5704;yo;hey;;;;;;;
5705;yo;hey;;;;;;;
5706;yo;hey;;;;;;;
5707;yo;hey;;;;;;;
5708;yo;hey;;;;;;;
5709;yo;hey;;;;;;;
5710;yo;hey;;;;;;;
5711;yo;hey;;;;;;;
5712;yo;hey;;;;;;;
5713;yo;hey;;;;;;;
5714;yo;hey;;;;;;;
5715;yo;hey;;;;;;;
5716;yo;hey;;;;;;;
5717;yo;hey;;;;;;;
5718;yo;hey;;;;;;;
5719;yo;hey;;;;;;;
5720;yo;hey;;;;;;;
5721;yo;hey;;;;;;;
5722;yo;hey;;;;;;;
5723;yo;hey;;;;;;;
5724;yo;hey;;;;;;;
5725;yo;hey;;;;;;;
5726;yo;hey;;;;;;;
5727;yo;hey;;;;;;;
5728;yo;hey;;;;;;;
5729;yo;hey;;;;;;;
5730;yo;hey;;;;;;;
5731;yo;hey;;;;;;;
5732;yo;hey;;;;;;;
5733;yo;hey;;;;;;;
5734;yo;hey;;;;;;;
5735;yo;hey;;;;;;;
5736;yo;hey;;;;;;;
8837;yo;hey;;;;;;;
8838;yo;hey;;;;;;;
8839;yo;hey;;;;;;;
8840;yo;hey;;;;;;;
8841;yo;hey;;;;;;;
8842;yo;hey;;;;;;;
8843;yo;hey;;;;;;;
8844;yo;hey;;;;;;;
8845;yo;hey;;;;;;;
8846;yo;hey;;;;;;;
8847;yo;hey;;;;;;;
8848;yo;hey;;;;;;;
8849;yo;hey;;;;;;;
8850;yo;hey;;;;;;;
8851;yo;hey;;;;;;;
8852;yo;hey;;;;;;;
8853;yo;hey;;;;;;;
8854;yo;hey;;;;;;;
8855;yo;hey;;;;;;;
8856;yo;hey;;;;;;;
8857;yo;hey;;;;;;;
8858;yo;hey;;;;;;;
8859;yo;hey;;;;;;;
8860;yo;hey;;;;;;;
8861;yo;hey;;;;;;;
8862;yo;hey;;;;;;;
8863;yo;hey;;;;;;;
8864;yo;hey;;;;;;;
8865;yo;hey;;;;;;;
8866;yo;hey;;;;;;;
8867;yo;hey;;;;;;;
8868;yo;hey;;;;;;;
8869;yo;hey;;;;;;;
8870;yo;hey;;;;;;;
8871;yo;hey;;;;;;;
8872;yo;hey;;;;;;;
8873;yo;hey;;;;;;;
8874;yo;hey;;;;;;;
8875;yo;hey;;;;;;;
8876;yo;hey;;;;;;;
8877;yo;hey;;;;;;;
8878;yo;hey;;;;;;;
8879;yo;hey;;;;;;;
8880;yo;hey;;;;;;;
8881;yo;hey;;;;;;;
8882;yo;hey;;;;;;;
8883;yo;hey;;;;;;;
8884;yo;hey;;;;;;;
8885;yo;hey;;;;;;;
8886;yo;hey;;;;;;;
8887;yo;hey;;;;;;;
8888;yo;hey;;;;;;;
8889;yo;hey;;;;;;;
8890;yo;hey;;;;;;;
8891;yo;hey;;;;;;;
8892;yo;hey;;;;;;;
8893;yo;hey;;;;;;;
8894;yo;hey;;;;;;;
8895;yo;hey;;;;;;;
8896;yo;hey;;;;;;;
8897;yo;hey;;;;;;;
8898;yo;hey;;;;;;;
8899;yo;hey;;;;;;;
8900;yo;hey;;;;;;;
8901;yo;hey;;;;;;;
8902;yo;hey;;;;;;;
8903;yo;hey;;;;;;;
8904;yo;hey;;;;;;;
8905;yo;hey;;;;;;;
8906;yo;hey;;;;;;;
8907;yo;hey;;;;;;;
8908;yo;hey;;;;;;;
8909;yo;hey;;;;;;;
8910;yo;hey;;;;;;;
8911;yo;hey;;;;;;;
8912;yo;hey;;;;;;;
8913;yo;hey;;;;;;;
8914;yo;hey;;;;;;;
8915;yo;hey;;;;;;;
8916;yo;hey;;;;;;;
8917;yo;hey;;;;;;;
8918;yo;hey;;;;;;;
8919;yo;hey;;;;;;;
8920;yo;hey;;;;;;;
8921;yo;hey;;;;;;;
8922;yo;hey;;;;;;;
8923;yo;hey;;;;;;;
8924;yo;hey;;;;;;;
8925;yo;hey;;;;;;;
8926;yo;hey;;;;;;;
8927;yo;hey;;;;;;;
8928;yo;hey;;;;;;;
8929;yo;hey;;;;;;;
8930;yo;hey;;;;;;;
8931;yo;hey;;;;;;;
8932;yo;hey;;;;;;;
8933;yo;hey;;;;;;;
8934;yo;hey;;;;;;;
8935;yo;hey;;;;;;;
8936;yo;hey;;;;;;;
6537;yo;hey;;;;;;;
6538;yo;hey;;;;;;;
6539;yo;hey;;;;;;;
6540;yo;hey;;;;;;;
6541;yo;hey;;;;;;;
6542;yo;hey;;;;;;;
6543;yo;hey;;;;;;;
6544;yo;hey;;;;;;;
6545;yo;hey;;;;;;;
6546;yo;hey;;;;;;;
6547;yo;hey;;;;;;;
6548;yo;hey;;;;;;;
6549;yo;hey;;;;;;;
6550;yo;hey;;;;;;;
6551;yo;hey;;;;;;;
6552;yo;hey;;;;;;;
6553;yo;hey;;;;;;;
6554;yo;hey;;;;;;;
6555;yo;hey;;;;;;;
6556;yo;hey;;;;;;;
6557;yo;hey;;;;;;;
6558;yo;hey;;;;;;;
6559;yo;hey;;;;;;;
6560;yo;hey;;;;;;;
6561;yo;hey;;;;;;;
6562;yo;hey;;;;;;;
6563;yo;hey;;;;;;;
6564;yo;hey;;;;;;;
6565;yo;hey;;;;;;;
6566;yo;hey;;;;;;;
6567;yo;hey;;;;;;;
6568;yo;hey;;;;;;;
6569;yo;hey;;;;;;;
6570;yo;hey;;;;;;;
6571;yo;hey;;;;;;;
6572;yo;hey;;;;;;;
6573;yo;hey;;;;;;;
6574;yo;hey;;;;;;;
6575;yo;hey;;;;;;;
6576;yo;hey;;;;;;;
6577;yo;hey;;;;;;;
6578;yo;hey;;;;;;;
6579;yo;hey;;;;;;;
6580;yo;hey;;;;;;;
6581;yo;hey;;;;;;;
6582;yo;hey;;;;;;;
6583;yo;hey;;;;;;;
6584;yo;hey;;;;;;;
6585;yo;hey;;;;;;;
6586;yo;hey;;;;;;;
6587;yo;hey;;;;;;;
6588;yo;hey;;;;;;;
6589;yo;hey;;;;;;;
6590;yo;hey;;;;;;;
6591;yo;hey;;;;;;;
6592;yo;hey;;;;;;;
6593;yo;hey;;;;;;;
6594;yo;hey;;;;;;;
6595;yo;hey;;;;;;;
6596;yo;hey;;;;;;;
6597;yo;hey;;;;;;;
6598;yo;hey;;;;;;;
6599;yo;hey;;;;;;;
6600;yo;hey;;;;;;;
6601;yo;hey;;;;;;;
6602;yo;hey;;;;;;;
6603;yo;hey;;;;;;;
6604;yo;hey;;;;;;;
6605;yo;hey;;;;;;;
6606;yo;hey;;;;;;;
6607;yo;hey;;;;;;;
6608;yo;hey;;;;;;;
6609;yo;hey;;;;;;;
6610;yo;hey;;;;;;;
6611;yo;hey;;;;;;;
6612;yo;hey;;;;;;;
6613;yo;hey;;;;;;;
6614;yo;hey;;;;;;;
6615;yo;hey;;;;;;;
6616;yo;hey;;;;;;;
6617;yo;hey;;;;;;;
6618;yo;hey;;;;;;;
6619;yo;hey;;;;;;;
6620;yo;hey;;;;;;;
6621;yo;hey;;;;;;;
6622;yo;hey;;;;;;;
6623;yo;hey;;;;;;;
6624;yo;hey;;;;;;;
6625;yo;hey;;;;;;;
6626;yo;hey;;;;;;;
6627;yo;hey;;;;;;;
6628;yo;hey;;;;;;;
6629;yo;hey;;;;;;;
6630;yo;hey;;;;;;;
6631;yo;hey;;;;;;;
6632;yo;hey;;;;;;;
6633;yo;hey;;;;;;;
6634;yo;hey;;;;;;;
6635;yo;hey;;;;;;;
6636;yo;hey;;;;;;;
